player_id,player_name,school,espn_id
2026_0001_fernando_mendoza,Fernando Mendoza,Indiana,2026_0001_fernando_mendoza
2026_0002_arvell_reese,Arvell Reese,Ohio State,2026_0002_arvell_reese
2026_0003_rueben_bain,Rueben Bain,Miami (FL),2026_0003_rueben_bain
2026_0004_caleb_downs,Caleb Downs,Ohio State,2026_0004_caleb_downs
2026_0005_lanorris_sellers,LaNorris Sellers,South Carolina,2026_0005_lanorris_sellers
2026_0006_rueben_bain_jr,Rueben Bain Jr.,Miami,2026_0006_rueben_bain_jr
2026_0007_jeremiyah_love,Jeremiyah Love,Notre Dame,2026_0007_jeremiyah_love
2026_0008_david_bailey,David Bailey,Texas Tech,2026_0008_david_bailey
2026_0009_francis_mauigoa,Francis Mauigoa,Miami,2026_0009_francis_mauigoa
2026_0010_carnell_tate,Carnell Tate,Ohio State,2026_0010_carnell_tate
2026_0011_nyck_harbor,Nyck Harbor,South Carolina,2026_0011_nyck_harbor
2026_0012_sonny_styles,Sonny Styles,Ohio State,2026_0012_sonny_styles
2026_0013_mansoor_delane,Mansoor Delane,LSU,2026_0013_mansoor_delane
2026_0014_makai_lemon,Makai Lemon,USC,2026_0014_makai_lemon
2026_0015_spencer_fano,Spencer Fano,Utah,2026_0015_spencer_fano
2026_0016_jordyn_tyson,Jordyn Tyson,Arizona State,2026_0016_jordyn_tyson
2026_0017_jermod_mccoy,Jermod McCoy,Tennessee,2026_0017_jermod_mccoy
2026_0018_peter_woods,Peter Woods,Clemson,2026_0018_peter_woods
2026_0019_olaivavega_ioane,Olaivavega Ioane,Penn State,2026_0019_olaivavega_ioane
2026_0020_vega_ioane,Vega Ioane,Penn State,2026_0020_vega_ioane
2026_0021_kenyon_sadiq,Kenyon Sadiq,Oregon,2026_0021_kenyon_sadiq
2026_0022_keldric_faulk,Keldric Faulk,Auburn,2026_0022_keldric_faulk
2026_0023_cashius_howell,Cashius Howell,Texas A&M,2026_0023_cashius_howell
2026_0024_denzel_boston,Denzel Boston,Washington,2026_0024_denzel_boston
2026_0025_avieon_terrell,Avieon Terrell,Clemson,2026_0025_avieon_terrell
2026_0026_caleb_lomu,Caleb Lomu,Utah,2026_0026_caleb_lomu
2026_0027_kadyn_proctor,Kadyn Proctor,Alabama,2026_0027_kadyn_proctor
2026_0028_akheem_mesidor,Akheem Mesidor,Miami,2026_0028_akheem_mesidor
2026_0029_monroe_freeling,Monroe Freeling,Georgia,2026_0029_monroe_freeling
2026_0030_kevin_concepcion,Kevin Concepcion,Texas A&M,2026_0030_kevin_concepcion
2026_0031_tj_parker,T.J. Parker,Clemson,2026_0031_tj_parker
2026_0032_emmanuel_mcneil-warren,Emmanuel McNeil-Warren,Toledo,2026_0032_emmanuel_mcneil-warren
2026_0033_kc_concepcion,KC Concepcion,Texas A&M,2026_0033_kc_concepcion
2026_0034_caleb_banks,Caleb Banks,Florida,2026_0034_caleb_banks
2026_0035_cj_allen,C.J. Allen,Georgia,2026_0035_cj_allen
2026_0036_kayden_mcdonald,Kayden McDonald,Ohio State,2026_0036_kayden_mcdonald
2026_0037_colton_hood,Colton Hood,Tennessee,2026_0037_colton_hood
2026_0038_dillon_thieneman,Dillon Thieneman,Oregon,2026_0038_dillon_thieneman
2026_0039_brandon_cisse,Brandon Cisse,South Carolina,2026_0039_brandon_cisse
2026_0040_lee_hunter,Lee Hunter,Texas Tech,2026_0040_lee_hunter
2026_0041_anthony_hill_jr,Anthony Hill Jr.,Texas,2026_0041_anthony_hill_jr
2026_0042_ty_simpson,Ty Simpson,Alabama,2026_0042_ty_simpson
2026_0043_lt_overton,L.T. Overton,Alabama,2026_0043_lt_overton
2026_0044_christen_miller,Christen Miller,Georgia,2026_0044_christen_miller
2026_0045_r_mason_thomas,R Mason Thomas,Oklahoma,2026_0045_r_mason_thomas
2026_0046_zion_young,Zion Young,Missouri,2026_0046_zion_young
2026_0047_omar_cooper_jr,Omar Cooper Jr.,Indiana,2026_0047_omar_cooper_jr
2026_0048_max_iheanachor,Max Iheanachor,Arizona State,2026_0048_max_iheanachor
2026_0049_emmanuel_pregnon,Emmanuel Pregnon,Oregon,2026_0049_emmanuel_pregnon
2026_0050_blake_miller,Blake Miller,Clemson,2026_0050_blake_miller
2026_0051_chris_bell,Chris Bell,Louisville,2026_0051_chris_bell
2026_0052_keith_abney_ii,Keith Abney II,Arizona State,2026_0052_keith_abney_ii
2026_0053_d39angelo_ponds,D&#39;Angelo Ponds,Indiana,2026_0053_d39angelo_ponds
2026_0054_gabe_jacas,Gabe Jacas,Illinois,2026_0054_gabe_jacas
2026_0055_chris_johnson,Chris Johnson,San Diego State,2026_0055_chris_johnson
2026_0056_chris_brazzell,Chris Brazzell,Tennessee,2026_0056_chris_brazzell
2026_0057_jadarian_price,Jadarian Price,Notre Dame,2026_0057_jadarian_price
2026_0058_jake_golday,Jake Golday,Cincinnati,2026_0058_jake_golday
2026_0059_aj_haulcy,A.J. Haulcy,LSU,2026_0059_aj_haulcy
2026_0060_keionte_scott,Keionte Scott,Miami,2026_0060_keionte_scott
2026_0061_dangelo_ponds,D'Angelo Ponds,Indiana,2026_0061_dangelo_ponds
2026_0062_malachi_fields,Malachi Fields,Notre Dame,2026_0062_malachi_fields
2026_0063_germie_bernard,Germie Bernard,Alabama,2026_0063_germie_bernard
2026_0064_eli_stowers,Eli Stowers,Vanderbilt,2026_0064_eli_stowers
2026_0065_zachariah_branch,Zachariah Branch,Georgia,2026_0065_zachariah_branch
2026_0066_chase_bisontis,Chase Bisontis,Texas A&M,2026_0066_chase_bisontis
2026_0067_josiah_trotter,Josiah Trotter,Missouri,2026_0067_josiah_trotter
2026_0068_caleb_tiernan,Caleb Tiernan,Northwestern,2026_0068_caleb_tiernan
2026_0069_derrick_moore,Derrick Moore,Michigan,2026_0069_derrick_moore
2026_0070_chris_brazzell_ii,Chris Brazzell II,Tennessee Volunteers,2026_0070_chris_brazzell_ii
2026_0071_elijah_sarratt,Elijah Sarratt,Indiana,2026_0071_elijah_sarratt
2026_0072_connor_lew,Connor Lew,Auburn,2026_0072_connor_lew
2026_0073_gennings_dunker,Gennings Dunker,Iowa,2026_0073_gennings_dunker
2026_0074_romello_height,Romello Height,Texas Tech,2026_0074_romello_height
2026_0075_kamari_ramsey,Kamari Ramsey,USC,2026_0075_kamari_ramsey
2026_0076_joshua_josephs,Joshua Josephs,Tennessee,2026_0076_joshua_josephs
2026_0077_domonique_orange,Domonique Orange,Iowa State,2026_0077_domonique_orange
2026_0078_antonio_williams,Antonio Williams,Clemson,2026_0078_antonio_williams
2026_0079_max_klare,Max Klare,Ohio State,2026_0079_max_klare
2026_0080_deontae_lawson,Deontae Lawson,Alabama,2026_0080_deontae_lawson
2026_0081_jacob_rodriguez,Jacob Rodriguez,Texas Tech,2026_0081_jacob_rodriguez
2026_0082_emmett_johnson,Emmett Johnson,Nebraska,2026_0082_emmett_johnson
2026_0083_jonah_coleman,Jonah Coleman,Washington,2026_0083_jonah_coleman
2026_0084_jakobi_lane,Ja'Kobi Lane,USC,2026_0084_jakobi_lane
2026_0085_darrell_jackson_jr,Darrell Jackson Jr.,Florida State,2026_0085_darrell_jackson_jr
2026_0086_garrett_nussmeier,Garrett Nussmeier,LSU,2026_0086_garrett_nussmeier
2026_0087_deion_burks,Deion Burks,Oklahoma,2026_0087_deion_burks
2026_0088_jake_slaughter,Jake Slaughter,Florida,2026_0088_jake_slaughter
2026_0089_chandler_rivers,Chandler Rivers,Duke,2026_0089_chandler_rivers
2026_0090_devin_moore,Devin Moore,Florida,2026_0090_devin_moore
2026_0091_trinidad_chambliss,Trinidad Chambliss,Mississippi Rebels,2026_0091_trinidad_chambliss
2026_0092_michael_trigg,Michael Trigg,Baylor,2026_0092_michael_trigg
2026_0093_dontay_corleone,Dontay Corleone,Cincinnati,2026_0093_dontay_corleone
2026_0094_ja39kobi_lane,Ja&#39;Kobi Lane,USC,2026_0094_ja39kobi_lane
2026_0095_dani_dennis-sutton,Dani Dennis-Sutton,Penn State,2026_0095_dani_dennis-sutton
2026_0096_malik_muhammad,Malik Muhammad,Texas,2026_0096_malik_muhammad
2026_0097_zakee_wheatley,Zakee Wheatley,Penn State,2026_0097_zakee_wheatley
2026_0098_skyler_bell,Skyler Bell,UConn,2026_0098_skyler_bell
2026_0099_genesis_smith,Genesis Smith,Arizona,2026_0099_genesis_smith
2026_0100_drew_allar,Drew Allar,Penn State,2026_0100_drew_allar
2026_0101_anthony_lucas,Anthony Lucas,USC,2026_0101_anthony_lucas
2026_0102_sam_hecht,Sam Hecht,Kansas State,2026_0102_sam_hecht
2026_0103_will_lee_iii,Will Lee III,Texas A&M Aggies,2026_0103_will_lee_iii
2026_0104_julian_neal,Julian Neal,Arkansas,2026_0104_julian_neal
2026_0105_cade_klubnik,Cade Klubnik,Clemson,2026_0105_cade_klubnik
2026_0106_justin_joly,Justin Joly,NC State,2026_0106_justin_joly
2026_0107_brian_parker_ii,Brian Parker II,Duke,2026_0107_brian_parker_ii
2026_0108_daylen_everette,Daylen Everette,Georgia,2026_0108_daylen_everette
2026_0109_jack_endries,Jack Endries,Texas,2026_0109_jack_endries
2026_0110_keylan_rutledge,Keylan Rutledge,Georgia Tech,2026_0110_keylan_rutledge
2026_0111_isaiah_world,Isaiah World,Oregon,2026_0111_isaiah_world
2026_0112_kyle_louis,Kyle Louis,Pittsburgh,2026_0112_kyle_louis
2026_0113_davison_igbinosun,Davison Igbinosun,Ohio State,2026_0113_davison_igbinosun
2026_0114_bud_clark,Bud Clark,TCU,2026_0114_bud_clark
2026_0115_carson_beck,Carson Beck,Miami (FL) Hurricanes,2026_0115_carson_beck
2026_0116_austin_barber,Austin Barber,Florida,2026_0116_austin_barber
2026_0117_kaleb_proctor,Kaleb Proctor,Southeastern Louisiana,2026_0117_kaleb_proctor
2026_0118_taurean_york,Taurean York,Texas A&M Aggies,2026_0118_taurean_york
2026_0119_nicholas_singleton,Nicholas Singleton,Penn State Nittany Lions,2026_0119_nicholas_singleton
2026_0120_ted_hurst,Ted Hurst,Georgia State,2026_0120_ted_hurst
2026_0121_nick_singleton,Nick Singleton,Penn State,2026_0121_nick_singleton
2026_0122_billy_schrauth,Billy Schrauth,Notre Dame,2026_0122_billy_schrauth
2026_0123_gracen_halton,Gracen Halton,Oklahoma,2026_0123_gracen_halton
2026_0124_harold_perkins,Harold Perkins,LSU,2026_0124_harold_perkins
2026_0125_xavier_scott,Xavier Scott,Illinois Fighting Illini,2026_0125_xavier_scott
2026_0126_cj_daniels,C.J. Daniels,Miami (FL) Hurricanes,2026_0126_cj_daniels
2026_0127_malachi_lawrence,Malachi Lawrence,UCF,2026_0127_malachi_lawrence
2026_0128_jaishawn_barham,Jaishawn Barham,Michigan,2026_0128_jaishawn_barham
2026_0129_sam_roush,Sam Roush,Stanford,2026_0129_sam_roush
2026_0130_kaytron_allen,Kaytron Allen,Penn State,2026_0130_kaytron_allen
2026_0131_jalon_kilgore,Jalon Kilgore,South Carolina,2026_0131_jalon_kilgore
2026_0132_mike_washington_jr,Mike Washington Jr.,Arkansas,2026_0132_mike_washington_jr
2026_0133_mikail_kamara,Mikail Kamara,Indiana,2026_0133_mikail_kamara
2026_0134_skyler_gill-howard,Skyler Gill-Howard,Texas Tech,2026_0134_skyler_gill-howard
2026_0135_seth_mcgowan,Seth McGowan,Kentucky Wildcats,2026_0135_seth_mcgowan
2026_0136_harold_perkins_jr,Harold Perkins Jr.,LSU Tigers,2026_0136_harold_perkins_jr
2026_0137_drew_shelton,Drew Shelton,Penn State,2026_0137_drew_shelton
2026_0138_de39zhaun_stribling,De&#39;Zhaun Stribling,Ole Miss,2026_0138_de39zhaun_stribling
2026_0139_michael_taaffe,Michael Taaffe,Texas,2026_0139_michael_taaffe
2026_0140_tim_keenan_iii,Tim Keenan III,Alabama,2026_0140_tim_keenan_iii
2026_0141_tyreak_sapp,Tyreak Sapp,Florida,2026_0141_tyreak_sapp
2026_0142_jude_bowry,Jude Bowry,Boston College,2026_0142_jude_bowry
2026_0143_jc_davis,J.C. Davis,Illinois,2026_0143_jc_davis
2026_0144_brenen_thompson,Brenen Thompson,Mississippi State,2026_0144_brenen_thompson
2026_0145_cole_payton,Cole Payton,North Dakota State,2026_0145_cole_payton
2026_0146_louis_moore,Louis Moore,Indiana,2026_0146_louis_moore
2026_0147_joe_royer,Joe Royer,Cincinnati,2026_0147_joe_royer
2026_0148_beau_stephens,Beau Stephens,Iowa,2026_0148_beau_stephens
2026_0149_david_oke,David Oke,Arkansas Razorbacks,2026_0149_david_oke
2026_0150_logan_jones,Logan Jones,Iowa,2026_0150_logan_jones
2026_0151_oscar_delp,Oscar Delp,Georgia,2026_0151_oscar_delp
2026_0152_eli_raridon,Eli Raridon,Notre Dame,2026_0152_eli_raridon
2026_0153_jalen_farmer,Jalen Farmer,Kentucky,2026_0153_jalen_farmer
2026_0154_kage_casey,Kage Casey,Boise State,2026_0154_kage_casey
2026_0155_pat_coogan,Pat Coogan,Indiana Hoosiers,2026_0155_pat_coogan
2026_0156_dezhaun_stribling,De'Zhaun Stribling,Mississippi Rebels,2026_0156_dezhaun_stribling
2026_0157_josh_cuevas,Josh Cuevas,Alabama Crimson Tide,2026_0157_josh_cuevas
2026_0158_fernando_carmona_jr,Fernando Carmona Jr.,Arkansas,2026_0158_fernando_carmona_jr
2026_0159_parker_brailsford,Parker Brailsford,Alabama,2026_0159_parker_brailsford
2026_0160_demond_claiborne,Demond Claiborne,Wake Forest,2026_0160_demond_claiborne
2026_0161_dametrious_crownover,Dametrious Crownover,Texas A&M Aggies,2026_0161_dametrious_crownover
2026_0162_markel_bell,Markel Bell,Miami (FL),2026_0162_markel_bell
2026_0163_albert_regis,Albert Regis,Texas A&M Aggies,2026_0163_albert_regis
2026_0164_kevin_coleman_jr,Kevin Coleman Jr.,Missouri,2026_0164_kevin_coleman_jr
2026_0165_bryce_lance,Bryce Lance,North Dakota State,2026_0165_bryce_lance
2026_0166_eric_mcalister,Eric McAlister,TCU,2026_0166_eric_mcalister
2026_0167_nate_boerkircher,Nate Boerkircher,Texas A&M Aggies,2026_0167_nate_boerkircher
2026_0168_hezekiah_masses,Hezekiah Masses,California,2026_0168_hezekiah_masses
2026_0169_jager_burton,Jager Burton,Kentucky,2026_0169_jager_burton
2026_0170_zane_durant,Zane Durant,Penn State,2026_0170_zane_durant
2026_0171_aiden_fisher,Aiden Fisher,Indiana,2026_0171_aiden_fisher
2026_0172_dj_campbell,D.J. Campbell,Texas,2026_0172_dj_campbell
2026_0173_armaj_reed-adams,Ar'maj Reed-Adams,Texas A&M Aggies,2026_0173_armaj_reed-adams
2026_0174_aamil_wagner,Aamil Wagner,Notre Dame,2026_0174_aamil_wagner
2026_0175_trey_zuhn_iii,Trey Zuhn III,Texas A&M Aggies,2026_0175_trey_zuhn_iii
2026_0176_tacario_davis,Tacario Davis,Washington,2026_0176_tacario_davis
2026_0177_thaddeus_dixon,Thaddeus Dixon,North Carolina Tar Heels,2026_0177_thaddeus_dixon
2026_0178_treydan_stukes,Treydan Stukes,Arizona,2026_0178_treydan_stukes
2026_0179_marlin_klein,Marlin Klein,Michigan,2026_0179_marlin_klein
2026_0180_jadon_canady,Jadon Canady,Oregon Ducks,2026_0180_jadon_canady
2026_0181_demonte_capehart,DeMonte Capehart,Clemson,2026_0181_demonte_capehart
2026_0182_josh_cameron,Josh Cameron,Baylor,2026_0182_josh_cameron
2026_0183_nadame_tucker,Nadame Tucker,Western Michigan Broncos,2026_0183_nadame_tucker
2026_0184_ar39maj_reed-adams,Ar&#39;maj Reed-Adams,Texas A&amp;M,2026_0184_ar39maj_reed-adams
2026_0185_bishop_fitzgerald,Bishop Fitzgerald,USC,2026_0185_bishop_fitzgerald
2026_0186_rayshaun_benny,Rayshaun Benny,Michigan,2026_0186_rayshaun_benny
2026_0187_dallen_bentley,Dallen Bentley,Utah,2026_0187_dallen_bentley
2026_0188_reggie_virgil,Reggie Virgil,Texas Tech,2026_0188_reggie_virgil
2026_0189_caden_curry,Caden Curry,Ohio State,2026_0189_caden_curry
2026_0190_kendrick_law,Kendrick Law,Kentucky,2026_0190_kendrick_law
2026_0191_tanner_koziol,Tanner Koziol,Houston Cougars,2026_0191_tanner_koziol
2026_0192_earnest_greene_iii,Earnest Greene III,Georgia Bulldogs,2026_0192_earnest_greene_iii
2026_0193_ephesians_prysock,Ephesians Prysock,Washington,2026_0193_ephesians_prysock
2026_0194_daequan_wright,Dae'Quan Wright,Mississippi Rebels,2026_0194_daequan_wright
2026_0195_zxavian_harris,Zxavian Harris,Mississippi Rebels,2026_0195_zxavian_harris
2026_0196_john_michael_gyllenborg,John Michael Gyllenborg,Wyoming Cowboys,2026_0196_john_michael_gyllenborg
2026_0197_jaeden_roberts,Jaeden Roberts,Alabama,2026_0197_jaeden_roberts
2026_0198_max_llewellyn,Max Llewellyn,Iowa,2026_0198_max_llewellyn
2026_0199_eric_rivers,Eric Rivers,Georgia Tech,2026_0199_eric_rivers
2026_0200_aaron_anderson,Aaron Anderson,LSU,2026_0200_aaron_anderson
2026_0201_matt_gulbin,Matt Gulbin,Michigan State,2026_0201_matt_gulbin
2026_0202_lander_barton,Lander Barton,Utah,2026_0202_lander_barton
2026_0203_bryce_boettcher,Bryce Boettcher,Oregon Ducks,2026_0203_bryce_boettcher
2026_0204_j39mari_taylor,J&#39;Mari Taylor,Virginia,2026_0204_j39mari_taylor
2026_0205_domani_jackson,Domani Jackson,Alabama,2026_0205_domani_jackson
2026_0206_dae39quan_wright,Dae&#39;Quan Wright,Ole Miss,2026_0206_dae39quan_wright
2026_0207_jmari_taylor,J'Mari Taylor,Virginia Cavaliers,2026_0207_jmari_taylor
2026_0208_keyron_crawford,Keyron Crawford,Auburn,2026_0208_keyron_crawford
2026_0209_sawyer_robertson,Sawyer Robertson,Baylor,2026_0209_sawyer_robertson
2026_0210_jalon_daniels,Jalon Daniels,Kansas Jayhawks,2026_0210_jalon_daniels
2026_0211_tj_hall,TJ Hall,Iowa,2026_0211_tj_hall
2026_0212_devon_marshall,Devon Marshall,North Carolina State Wolfpack,2026_0212_devon_marshall
2026_0213_leveon_moss,Le'Veon Moss,Texas A&M Aggies,2026_0213_leveon_moss
2026_0214_chris_mcclellan,Chris McClellan,Missouri,2026_0214_chris_mcclellan
2026_0215_jermaine_mathews_jr,Jermaine Mathews Jr.,Ohio State Buckeyes,2026_0215_jermaine_mathews_jr
2026_0216_vincent_anthony_jr,Vincent Anthony Jr.,Duke Blue Devils,2026_0216_vincent_anthony_jr
2026_0217_kaelon_black,Kaelon Black,Indiana Hoosiers,2026_0217_kaelon_black
2026_0218_roman_hemby,Roman Hemby,Indiana Hoosiers,2026_0218_roman_hemby
2026_0219_keyshaun_elliott,Keyshaun Elliott,Arizona State,2026_0219_keyshaun_elliott
2026_0220_chase_roberts,Chase Roberts,BYU Cougars,2026_0220_chase_roberts
2026_0221_kaden_wetjen,Kaden Wetjen,Iowa,2026_0221_kaden_wetjen
2026_0222_faalili_faamoe,Fa'alili Fa'amoe,Wake Forest Demon Deacons,2026_0222_faalili_faamoe
2026_0223_j_michael_sturdivant,J. Michael Sturdivant,Florida Gators,2026_0223_j_michael_sturdivant
2026_0224_tyren_montgomery,Tyren Montgomery,John Carroll,2026_0224_tyren_montgomery
2026_0225_robert_spears-jennings,Robert Spears-Jennings,Oklahoma Sooners,2026_0225_robert_spears-jennings
2026_0226_keagen_trost,Keagen Trost,Missouri,2026_0226_keagen_trost
2026_0227_carver_willis,Carver Willis,Washington,2026_0227_carver_willis
2026_0228_cole_wisniewski,Cole Wisniewski,Texas Tech Red Raiders,2026_0228_cole_wisniewski
2026_0229_robert_henry_jr,Robert Henry Jr.,UTSA Roadrunners,2026_0229_robert_henry_jr
2026_0230_alex_harkey,Alex Harkey,Oregon,2026_0230_alex_harkey
2026_0231_taylen_green,Taylen Green,Arkansas Razorbacks,2026_0231_taylen_green
2026_0232_jalen_stroman,Jalen Stroman,Notre Dame Fighting Irish,2026_0232_jalen_stroman
2026_0233_quintayvious_hutchins,Quintayvious Hutchins,Boston College Eagles,2026_0233_quintayvious_hutchins
2026_0234_jakobe_thomas,Jakobe Thomas,Miami (FL),2026_0234_jakobe_thomas
2026_0235_jeff_caldwell,Jeff Caldwell,Cincinnati Bearcats,2026_0235_jeff_caldwell
2026_0236_nick_barrett,Nick Barrett,South Carolina,2026_0236_nick_barrett
2026_0237_trey_moore,Trey Moore,Texas Longhorns,2026_0237_trey_moore
2026_0238_dane_key,Dane Key,Nebraska Cornhuskers,2026_0238_dane_key
2026_0239_lewis_bond,Lewis Bond,Boston College Eagles,2026_0239_lewis_bond
2026_0240_deven_eastern,Deven Eastern,Minnesota Golden Gophers,2026_0240_deven_eastern
2026_0241_andre_fuller,Andre Fuller,Toledo,2026_0241_andre_fuller
2026_0242_luke_altmyer,Luke Altmyer,Illinois Fighting Illini,2026_0242_luke_altmyer
2026_0243_devonta_smith,Devonta Smith,Notre Dame Fighting Irish,2026_0243_devonta_smith
2026_0244_jalen_walthall,Jalen Walthall,Incarnate Word,2026_0244_jalen_walthall
2026_0245_red_murdock,Red Murdock,Buffalo,2026_0245_red_murdock
2026_0246_eli_heidenreich,Eli Heidenreich,Navy Midshipmen,2026_0246_eli_heidenreich
2026_0247_zavion_thomas,Zavion Thomas,LSU Tigers,2026_0247_zavion_thomas
2026_0248_riley_nowakowski,Riley Nowakowski,Indiana Hoosiers,2026_0248_riley_nowakowski
2026_0249_vj_payne,VJ Payne,Kansas State Wildcats,2026_0249_vj_payne
2026_0250_xavian_sorey_jr,Xavian Sorey Jr.,Arkansas Razorbacks,2026_0250_xavian_sorey_jr
2026_0251_febechi_nwaiwu,Febechi Nwaiwu,Oklahoma,2026_0251_febechi_nwaiwu
2026_0252_tj_guy,TJ Guy,Michigan Wolverines,2026_0252_tj_guy
2026_0253_tyler_onyedim,Tyler Onyedim,Texas A&M,2026_0253_tyler_onyedim
2026_0254_ethan_burke,Ethan Burke,Texas,2026_0254_ethan_burke
2026_0255_vinny_anthony_ii,Vinny Anthony II,Wisconsin Badgers,2026_0255_vinny_anthony_ii
2026_0256_jeremiah_wright,Jeremiah Wright,Auburn Tigers,2026_0256_jeremiah_wright
2026_0257_cyrus_allen,Cyrus Allen,Cincinnati Bearcats,2026_0257_cyrus_allen
2026_0258_tommy_castellanos,Tommy Castellanos,Florida State Seminoles,2026_0258_tommy_castellanos
2026_0259_james_brockermeyer,James Brockermeyer,Miami (FL),2026_0259_james_brockermeyer
2026_0260_james_thompson_jr,James Thompson Jr.,Illinois Fighting Illini,2026_0260_james_thompson_jr
2026_0261_caleb_douglas,Caleb Douglas,Texas Tech Red Raiders,2026_0261_caleb_douglas
2026_0262_patrick_payton,Patrick Payton,LSU Tigers,2026_0262_patrick_payton
2026_0263_kaleb_elarms-orr,Kaleb Elarms-Orr,TCU,2026_0263_kaleb_elarms-orr
2026_0264_elijah_pritchett,Elijah Pritchett,Nebraska Cornhuskers,2026_0264_elijah_pritchett
2026_0265_fernando_carmona,Fernando Carmona,Arkansas Razorbacks,2026_0265_fernando_carmona
2026_0266_logan_fano,Logan Fano,Utah Utes,2026_0266_logan_fano
2026_0267_eric_gentry,Eric Gentry,USC Trojans,2026_0267_eric_gentry
2026_0268_justin_jefferson,Justin Jefferson,Alabama,2026_0268_justin_jefferson
2026_0269_lance_mason,Lance Mason,Wisconsin,2026_0269_lance_mason
2026_0270_raion_strader,Raion Strader,Auburn Tigers,2026_0270_raion_strader
2026_0271_mason_reiger,Mason Reiger,Wisconsin Badgers,2026_0271_mason_reiger
2026_0272_charles_demmings,Charles Demmings,Stephen F. Austin,2026_0272_charles_demmings
2026_0273_clay_patterson,Clay Patterson,Stanford,2026_0273_clay_patterson
2026_0274_adam_randall,Adam Randall,Clemson Tigers,2026_0274_adam_randall
2026_0275_xavier_nwankpa,Xavier Nwankpa,Iowa Hawkeyes,2026_0275_xavier_nwankpa
2026_0276_jordan_van_den_berg,Jordan van den Berg,Georgia Tech,2026_0276_jordan_van_den_berg
2026_0277_brent_austin,Brent Austin,California,2026_0277_brent_austin
2026_0278_peyton_bowen,Peyton Bowen,Oklahoma Sooners,2026_0278_peyton_bowen
2026_0279_wesley_williams,Wesley Williams,Duke,2026_0279_wesley_williams
2026_0280_will_kacmarek,Will Kacmarek,Ohio State,2026_0280_will_kacmarek
2026_0281_jack_kelly,Jack Kelly,BYU,2026_0281_jack_kelly
2026_0282_chris_adams,Chris Adams,Memphis,2026_0282_chris_adams
2026_0283_jaydn_ott,Jaydn Ott,Oklahoma Sooners,2026_0283_jaydn_ott
2026_0284_jeadyn_lukus,Jeadyn Lukus,Clemson Tigers,2026_0284_jeadyn_lukus
2026_0285_deshon_singleton,DeShon Singleton,Nebraska,2026_0285_deshon_singleton
2026_0286_riley_mahlman,Riley Mahlman,Wisconsin Badgers,2026_0286_riley_mahlman
2026_0287_anez_cooper,Anez Cooper,Miami (FL),2026_0287_anez_cooper
2026_0288_ceyair_wright,Ceyair Wright,Nebraska Cornhuskers,2026_0288_ceyair_wright
2026_0289_cole_brevard,Cole Brevard,Texas Longhorns,2026_0289_cole_brevard
2026_0290_preston_hodge,Preston Hodge,Colorado,2026_0290_preston_hodge
2026_0291_kobe_baynes,Kobe Baynes,Kansas Jayhawks,2026_0291_kobe_baynes
2026_0292_nyjalik_kelly,Nyjalik Kelly,UCF,2026_0292_nyjalik_kelly
2026_0293_eric_oneill,Eric O'Neill,Rutgers Scarlet Knights,2026_0293_eric_oneill
2026_0294_landon_robinson,Landon Robinson,Navy Midshipmen,2026_0294_landon_robinson
2026_0295_namdi_obiazor,Namdi Obiazor,TCU,2026_0295_namdi_obiazor
2026_0296_jam_miller,Jam Miller,Alabama Crimson Tide,2026_0296_jam_miller
2026_0297_jalen_huskey,Jalen Huskey,Maryland Terrapins,2026_0297_jalen_huskey
2026_0298_skyler_thomas,Skyler Thomas,Oregon State,2026_0298_skyler_thomas
2026_0299_daniel_harris,Daniel Harris,Georgia Bulldogs,2026_0299_daniel_harris
2026_0300_fred_davis_ii,Fred Davis II,Northwestern,2026_0300_fred_davis_ii
2026_0301_noah_whittington,Noah Whittington,Oregon Ducks,2026_0301_noah_whittington
2026_0302_bryson_eason,Bryson Eason,Tennessee,2026_0302_bryson_eason
2026_0303_jalen_catalon,Jalen Catalon,Missouri Tigers,2026_0303_jalen_catalon
2026_0304_cameron_ball,Cameron Ball,Arkansas Razorbacks,2026_0304_cameron_ball
2026_0305_devin_voisin,Devin Voisin,South Alabama,2026_0305_devin_voisin
2026_0306_cian_slone,Cian Slone,NC State,2026_0306_cian_slone
2026_0307_micah_morris,Micah Morris,Georgia Bulldogs,2026_0307_micah_morris
2026_0308_david_gusta,David Gusta,Kentucky,2026_0308_david_gusta
2026_0309_george_gumbs_jr,George Gumbs Jr.,Florida Gators,2026_0309_george_gumbs_jr
2026_0310_barion_brown,Barion Brown,LSU Tigers,2026_0310_barion_brown
2026_0311_desmond_reid,Desmond Reid,Pittsburgh Panthers,2026_0311_desmond_reid
2026_0312_max_bredeson,Max Bredeson,Michigan,2026_0312_max_bredeson
2026_0313_connor_tollison,Connor Tollison,Missouri Tigers,2026_0313_connor_tollison
2026_0314_bakyne_coly,Bakyne Coly,Purdue,2026_0314_bakyne_coly
2026_0315_rj_maryland,R.J. Maryland,SMU Mustangs,2026_0315_rj_maryland
2026_0316_dj_harvey,DJ Harvey,USC Trojans,2026_0316_dj_harvey
2026_0317_miles_kitselman,Miles Kitselman,Tennessee Volunteers,2026_0317_miles_kitselman
2026_0318_scooby_williams,Scooby Williams,Texas A&M Aggies,2026_0318_scooby_williams
2026_0319_travis_burke,Travis Burke,Memphis,2026_0319_travis_burke
2026_0320_hank_beatty,Hank Beatty,Illinois Fighting Illini,2026_0320_hank_beatty
2026_0321_romello_brinson,Romello Brinson,SMU,2026_0321_romello_brinson
2026_0322_nolan_rucci,Nolan Rucci,Penn State Nittany Lions,2026_0322_nolan_rucci
2026_0323_brandon_cleveland,Brandon Cleveland,North Carolina State Wolfpack,2026_0323_brandon_cleveland
2026_0324_kendal_daniels,Kendal Daniels,Oklahoma Sooners,2026_0324_kendal_daniels
2026_0325_devan_boykin,Devan Boykin,Indiana,2026_0325_devan_boykin
2026_0326_isaiah_nwokobia,Isaiah Nwokobia,SMU Mustangs,2026_0326_isaiah_nwokobia
2026_0327_tristan_leigh,Tristan Leigh,Clemson Tigers,2026_0327_tristan_leigh
2026_0328_mel_brown,Mel Brown,Connecticut Huskies,2026_0328_mel_brown
2026_0329_wydett_williams_jr,Wydett Williams Jr.,Mississippi,2026_0329_wydett_williams_jr
2026_0330_jimmy_rolder,Jimmy Rolder,Michigan,2026_0330_jimmy_rolder
2026_0331_noah_thomas,Noah Thomas,Georgia Bulldogs,2026_0331_noah_thomas
2026_0332_joey_aguilar,Joey Aguilar,Tennessee,2026_0332_joey_aguilar
2026_0333_chip_trayanum,Chip Trayanum,Toledo Rockets,2026_0333_chip_trayanum
2026_0334_diego_pounds,Diego Pounds,Mississippi Rebels,2026_0334_diego_pounds
2026_0335_jeff_persi,Jeff Persi,Pittsburgh Panthers,2026_0335_jeff_persi
2026_0336_alzillion_hamilton,Al'zillion Hamilton,Fresno State,2026_0336_alzillion_hamilton
2026_0337_owen_heinecke,Owen Heinecke,Oklahoma Sooners,2026_0337_owen_heinecke
2026_0338_seydou_traore,Seydou Traore,Mississippi State Bulldogs,2026_0338_seydou_traore
2026_0339_josh_moten,Josh Moten,Southern Miss Golden Eagles,2026_0339_josh_moten
2026_0340_jeffrey_mba,Jeffrey M'ba,SMU,2026_0340_jeffrey_mba
2026_0341_jaden_dugger,Jaden Dugger,Louisiana Ragin' Cajuns,2026_0341_jaden_dugger
2026_0342_joe_fagnano,Joe Fagnano,Connecticut Huskies,2026_0342_joe_fagnano
2026_0343_nikai_martinez,Nikai Martinez,Michigan State Spartans,2026_0343_nikai_martinez
2026_0344_behren_morton,Behren Morton,Texas Tech Red Raiders,2026_0344_behren_morton
2026_0345_jeremiah_franklin,Jeremiah Franklin,Boston College Eagles,2026_0345_jeremiah_franklin
2026_0346_jordan_hudson,Jordan Hudson,SMU,2026_0346_jordan_hudson
2026_0347_austin_brown,Austin Brown,Wisconsin Badgers,2026_0347_austin_brown
2026_0348_caullin_lacy,Caullin Lacy,Louisville Cardinals,2026_0348_caullin_lacy
2026_0349_keyshawn_james-newby,Keyshawn James-Newby,New Mexico Lobos,2026_0349_keyshawn_james-newby
2026_0350_jalen_mcmurray,Jalen McMurray,Tennessee,2026_0350_jalen_mcmurray
2026_0351_lake_mcree,Lake McRee,USC Trojans,2026_0351_lake_mcree
2026_0352_stephen_hall,Stephen Hall,Missouri Tigers,2026_0352_stephen_hall
2026_0353_ethan_onianwa,Ethan Onianwa,Ohio State Buckeyes,2026_0353_ethan_onianwa
2026_0354_dan_villari,Dan Villari,Syracuse,2026_0354_dan_villari
2026_0355_keeshawn_silver,Keeshawn Silver,USC Trojans,2026_0355_keeshawn_silver
2026_0356_diego_pavia,Diego Pavia,Vanderbilt Commodores,2026_0356_diego_pavia
2026_0357_grayson_james,Grayson James,Boston College Eagles,2026_0357_grayson_james
2026_0358_logan_diggs,Logan Diggs,Mississippi Rebels,2026_0358_logan_diggs
2026_0359_marcus_allen,Marcus Allen,North Carolina,2026_0359_marcus_allen
2026_0360_wesley_bissainthe,Wesley Bissainthe,Miami (FL) Hurricanes,2026_0360_wesley_bissainthe
2026_0361_caden_barnett,Caden Barnett,Wyoming Cowboys,2026_0361_caden_barnett
2026_0362_carsen_ryan,Carsen Ryan,BYU Cougars,2026_0362_carsen_ryan
2026_0363_jamal_haynes,Jamal Haynes,Georgia Tech Yellow Jackets,2026_0363_jamal_haynes
2026_0364_james_neal,James Neal,Iowa State,2026_0364_james_neal
2026_0365_gary_smith_iii,Gary Smith III,UCLA Bruins,2026_0365_gary_smith_iii
2026_0366_jaren_kump,Jaren Kump,Utah Utes,2026_0366_jaren_kump
2026_0367_ahmari_harvey,Ahmari Harvey,Georgia Tech,2026_0367_ahmari_harvey
2026_0368_tre_smith,Tre Smith,Arizona Wildcats,2026_0368_tre_smith
2026_0369_caden_fordham,Caden Fordham,NC State,2026_0369_caden_fordham
2026_0370_giovanni_el-hadi,Giovanni El-Hadi,Michigan,2026_0370_giovanni_el-hadi
2026_0371_walker_eget,Walker Eget,San Jose State Spartans,2026_0371_walker_eget
2026_0372_donavon_greene,Donavon Greene,Virginia Tech Hokies,2026_0372_donavon_greene
2026_0373_malik_benson,Malik Benson,Oregon,2026_0373_malik_benson
2026_0374_athan_kaliakmanis,Athan Kaliakmanis,Rutgers Scarlet Knights,2026_0374_athan_kaliakmanis
2026_0375_anthony_smith,Anthony Smith,East Carolina Pirates,2026_0375_anthony_smith
2026_0376_west_weeks,West Weeks,LSU,2026_0376_west_weeks
2026_0377_joshua_braun,Joshua Braun,Kentucky Wildcats,2026_0377_joshua_braun
2026_0378_aidan_hubbard,Aidan Hubbard,Northwestern,2026_0378_aidan_hubbard
2026_0379_rahsul_faison,Rahsul Faison,South Carolina Gamecocks,2026_0379_rahsul_faison
2026_0380_jaylon_guilbeau,Jaylon Guilbeau,Texas Longhorns,2026_0380_jaylon_guilbeau
2026_0381_karson_sharar,Karson Sharar,Iowa,2026_0381_karson_sharar
2026_0382_terion_stewart,Terion Stewart,Virginia Tech Hokies,2026_0382_terion_stewart
2026_0383_kolbey_taylor,Kolbey Taylor,Vanderbilt,2026_0383_kolbey_taylor
2026_0384_dillon_bell,Dillon Bell,Georgia Bulldogs,2026_0384_dillon_bell
2026_0385_dashawn_jones,DaShawn Jones,Alabama Crimson Tide,2026_0385_dashawn_jones
2026_0386_michael_heldman,Michael Heldman,Central Michigan,2026_0386_michael_heldman
2026_0387_declan_williams,Declan Williams,Incarnate Word,2026_0387_declan_williams
2026_0388_al-jay_henderson,Al-Jay Henderson,Buffalo Bulls,2026_0388_al-jay_henderson
2026_0389_dq_smith,D.Q. Smith,South Carolina Gamecocks,2026_0389_dq_smith
2026_0390_bauer_sharp,Bauer Sharp,LSU Tigers,2026_0390_bauer_sharp
2026_0391_chris_hilton_jr,Chris Hilton Jr.,LSU Tigers,2026_0391_chris_hilton_jr
2026_0392_dillon_wade,Dillon Wade,Auburn Tigers,2026_0392_dillon_wade
2026_0393_jarod_washington,Jarod Washington,South Carolina State,2026_0393_jarod_washington
2026_0394_ryan_baer,Ryan Baer,Pittsburgh Panthers,2026_0394_ryan_baer
2026_0395_jackson_kuwatch,Jackson Kuwatch,Miami (OH),2026_0395_jackson_kuwatch
2026_0396_jerry_wilson,Jerry Wilson,Florida State Seminoles,2026_0396_jerry_wilson
2026_0397_mason_randolph,Mason Randolph,Boise State Broncos,2026_0397_mason_randolph
2026_0398_david_blay,David Blay,Miami (FL),2026_0398_david_blay
2026_0399_dean_miller,Dean Miller,Kansas Jayhawks,2026_0399_dean_miller
2026_0400_tomas_rimac,Tomas Rimac,Virginia Tech Hokies,2026_0400_tomas_rimac
2026_0401_gunner_maldonado,Gunner Maldonado,Kansas State Wildcats,2026_0401_gunner_maldonado
2026_0402_kentrel_bullock,Kentrel Bullock,South Alabama,2026_0402_kentrel_bullock
2026_0403_cj_donaldson,C.J. Donaldson,Ohio State Buckeyes,2026_0403_cj_donaldson
2026_0404_jack_pyburn,Jack Pyburn,LSU Tigers,2026_0404_jack_pyburn
2026_0405_miller_moss,Miller Moss,Louisville Cardinals,2026_0405_miller_moss
2026_0406_michael_wortham,Michael Wortham,Montana,2026_0406_michael_wortham
2026_0407_jaren_kanak,Jaren Kanak,Oklahoma Sooners,2026_0407_jaren_kanak
2026_0408_joe_cooper,Joe Cooper,Slippery Rock,2026_0408_joe_cooper
2026_0409_mo_westmoreland,Mo Westmoreland,Tulane Green Wave,2026_0409_mo_westmoreland
2026_0410_amari_jackson,Amari Jackson,Boston College Eagles,2026_0410_amari_jackson
2026_0411_evan_beerntsen,Evan Beerntsen,Northwestern,2026_0411_evan_beerntsen
2026_0412_colbie_young,Colbie Young,Georgia Bulldogs,2026_0412_colbie_young
2026_0413_squirrel_white,Squirrel White,Florida State Seminoles,2026_0413_squirrel_white
2026_0414_logan_taylor,Logan Taylor,Boston College,2026_0414_logan_taylor
2026_0415_maverick_mcivor,Maverick McIvor,Western Kentucky Hilltoppers,2026_0415_maverick_mcivor
2026_0416_collin_wright,Collin Wright,Stanford,2026_0416_collin_wright
2026_0417_damonic_williams,Damonic Williams,Oklahoma Sooners,2026_0417_damonic_williams
2026_0418_devin_mockobee,Devin Mockobee,Purdue Boilermakers,2026_0418_devin_mockobee
2026_0419_tyreek_chappell,Tyreek Chappell,Texas A&M Aggies,2026_0419_tyreek_chappell
2026_0420_bryce_foster,Bryce Foster,Kansas Jayhawks,2026_0420_bryce_foster
2026_0421_devonte_ross,Devonte Ross,Penn State Nittany Lions,2026_0421_devonte_ross
2026_0422_trebor_pena,Trebor Pena,Penn State Nittany Lions,2026_0422_trebor_pena
2026_0423_harrison_wallace_iii,Harrison Wallace III,Mississippi Rebels,2026_0423_harrison_wallace_iii
2026_0424_jakari_foster,Jakari Foster,Louisiana Tech,2026_0424_jakari_foster
2026_0425_jimmori_robinson,Jimmori Robinson,West Virginia Mountaineers,2026_0425_jimmori_robinson
2026_0426_rohan_jones,Rohan Jones,Arkansas Razorbacks,2026_0426_rohan_jones
2026_0427_jake_retzlaff,Jake Retzlaff,Tulane Green Wave,2026_0427_jake_retzlaff
2026_0428_dean_connors,Dean Connors,Houston Cougars,2026_0428_dean_connors
2026_0429_daniel_king,Daniel King,North Carolina Tar Heels,2026_0429_daniel_king
2026_0430_emmanuel_henderson,Emmanuel Henderson,Kansas,2026_0430_emmanuel_henderson
2026_0431_aaron_parks,Aaron Parks,Indiana,2026_0431_aaron_parks
2026_0432_addison_nichols,Addison Nichols,Arkansas,2026_0432_addison_nichols
2026_0433_brady_latham,Brady Latham,Arkansas,2026_0433_brady_latham
2026_0434_bryce_lovett,Bryce Lovett,NC State,2026_0434_bryce_lovett
2026_0435_cj_baxter,C.J. Baxter,Texas,2026_0435_cj_baxter
2026_0436_cj_satterwhite,C.J. Satterwhite,Clemson,2026_0436_cj_satterwhite
2026_0437_caden_durham,Caden Durham,LSU,2026_0437_caden_durham
2026_0438_caden_proctor,Caden Proctor,Alabama,2026_0438_caden_proctor
2026_0439_cayden_green,Cayden Green,Missouri,2026_0439_cayden_green
2026_0440_colin_nova,Colin Nova,NC State,2026_0440_colin_nova
2026_0441_conner_weigman,Conner Weigman,Houston,2026_0441_conner_weigman
2026_0442_dj_mckinney,DJ McKinney,Colorado,2026_0442_dj_mckinney
2026_0443_daniel_calhoun,Daniel Calhoun,Texas,2026_0443_daniel_calhoun
2026_0444_dante_moore,Dante Moore,Oregon,2026_0444_dante_moore
2026_0445_darius_taylor,Darius Taylor,Minnesota,2026_0445_darius_taylor
2026_0446_dorian_brew,Dorian Brew,Oregon,2026_0446_dorian_brew
2026_0447_eli_holstein,Eli Holstein,Pittsburgh,2026_0447_eli_holstein
2026_0448_elija_lofton,Elija Lofton,Miami (FL),2026_0448_elija_lofton
2026_0449_eric_singleton_jr,Eric Singleton Jr.,Auburn,2026_0449_eric_singleton_jr
2026_0450_eugene_asante,Eugene Asante,Auburn,2026_0450_eugene_asante
2026_0451_eugene_brooks_iii,Eugene Brooks III,Oklahoma,2026_0451_eugene_brooks_iii
2026_0452_evan_link,Evan Link,Michigan,2026_0452_evan_link
2026_0453_evan_stewart,Evan Stewart,Oregon,2026_0453_evan_stewart
2026_0454_gunner_stockton,Gunner Stockton,Georgia,2026_0454_gunner_stockton
2026_0455_hollin_pierce,Hollin Pierce,Rutgers,2026_0455_hollin_pierce
2026_0456_ivan_taylor_iii,Ivan Taylor III,Iowa,2026_0456_ivan_taylor_iii
2026_0457_jaden_rashada,Jaden Rashada,Sacramento State,2026_0457_jaden_rashada
2026_0458_jalen_hale,Jalen Hale,Alabama,2026_0458_jalen_hale
2026_0459_jayden_loftin,Jayden Loftin,Georgia Tech,2026_0459_jayden_loftin
2026_0460_jeremiah_smith,Jeremiah Smith,Ohio State,2026_0460_jeremiah_smith
2026_0461_jermayne_lole,Jermayne Lole,Louisville,2026_0461_jermayne_lole
2026_0462_joe_brunner,Joe Brunner,Wisconsin,2026_0462_joe_brunner
2026_0463_joe_crocker_jr,Joe Crocker Jr.,Auburn,2026_0463_joe_crocker_jr
2026_0464_jordan_seaton,Jordan Seaton,Colorado,2026_0464_jordan_seaton
2026_0465_jordyn_bugg,Jordyn Bugg,LSU,2026_0465_jordyn_bugg
2026_0466_justice_boone,Justice Boone,Colorado,2026_0466_justice_boone
2026_0467_justice_haynes,Justice Haynes,Michigan,2026_0467_justice_haynes
2026_0468_justin_flowe,Justin Flowe,Arizona,2026_0468_justin_flowe
2026_0469_kaimon_rucker,Kaimon Rucker,North Carolina,2026_0469_kaimon_rucker
2026_0470_kevon_odonnell,Kevon O'Donnell,Wake Forest,2026_0470_kevon_odonnell
2026_0471_kyle_altuner,Kyle Altuner,Iowa,2026_0471_kyle_altuner
2026_0472_leo_delaney,Leo Delaney,Michigan,2026_0472_leo_delaney
2026_0473_makhi_hughes,Makhi Hughes,Oregon,2026_0473_makhi_hughes
2026_0474_malachi_goodman,Malachi Goodman,Clemson,2026_0474_malachi_goodman
2026_0475_quinten_joyner,Quinten Joyner,Texas Tech,2026_0475_quinten_joyner
2026_0476_ryan_williams,Ryan Williams,Alabama,2026_0476_ryan_williams
2026_0477_sam_leavitt,Sam Leavitt,Arizona State,2026_0477_sam_leavitt
2026_0478_tj_searcy,T.J. Searcy,Texas A&M,2026_0478_tj_searcy
2026_0479_takye_heath,Takye Heath,Georgia Tech,2026_0479_takye_heath
2026_0480_tanner_miller,Tanner Miller,Michigan,2026_0480_tanner_miller
2026_0481_timothy_mckay,Timothy McKay,NC State,2026_0481_timothy_mckay
2026_0482_tyler_mercer,Tyler Mercer,Louisville,2026_0482_tyler_mercer
2026_0483_xavier_chaplin,Xavier Chaplin,Auburn,2026_0483_xavier_chaplin
2026_0484_kejon_owens,Kejon Owens,Florida International,2026_0484_kejon_owens
2026_0485_micah_pettus,Micah Pettus,Florida State Seminoles,2026_0485_micah_pettus
2026_0486_jackie_marshall,Jackie Marshall,Baylor Bears,2026_0486_jackie_marshall
2026_0487_kyron_drones,Kyron Drones,Virginia Tech Hokies,2026_0487_kyron_drones
2026_0488_jamarion_miller,Jamarion Miller,Alabama,2026_0488_jamarion_miller
2026_0489_mark_gronowski,Mark Gronowski,Iowa Hawkeyes,2026_0489_mark_gronowski
2026_0490_elijah_rushing,Elijah Rushing,Oregon,2026_0490_elijah_rushing
2026_0491_josh_thompson,Josh Thompson,LSU Tigers,2026_0491_josh_thompson
2026_0492_dalton_johnson,Dalton Johnson,Arizona,2026_0492_dalton_johnson
2026_0493_dominic_gooden,Dominic Gooden,Oklahoma,2026_0493_dominic_gooden
2026_0494_garrett_digiorgio,Garrett DiGiorgio,UCLA Bruins,2026_0494_garrett_digiorgio
2026_0495_myles_rowser,Myles Rowser,Arizona State,2026_0495_myles_rowser
2026_0496_chris_hilton,Chris Hilton,LSU,2026_0496_chris_hilton
2026_0497_gabriel_brownlow-dindy,Gabriel Brownlow-Dindy,South Carolina,2026_0497_gabriel_brownlow-dindy
2026_0498_jayden_williams,Jayden Williams,Mississippi,2026_0498_jayden_williams
2026_0499_ben_bell,Ben Bell,Virginia Tech Hokies,2026_0499_ben_bell
2026_0500_izavion_miller,Izavion Miller,Auburn Tigers,2026_0500_izavion_miller
2026_0501_davion_carter,Davion Carter,Texas Tech Red Raiders,2026_0501_davion_carter
2026_0502_jack_velling,Jack Velling,Michigan State Spartans,2026_0502_jack_velling
2026_0503_dontae_balfour,Dontae Balfour,Texas Tech,2026_0503_dontae_balfour
2026_0504_luke_petitbon,Luke Petitbon,Florida State Seminoles,2026_0504_luke_petitbon
2026_0505_aaron_hall,Aaron Hall,Duke,2026_0505_aaron_hall
2026_0506_keelan_marion,Keelan Marion,Miami (FL),2026_0506_keelan_marion
2026_0507_cj_mims,CJ Mims,West Virginia,2026_0507_cj_mims
2026_0508_terry_webb,Terry Webb,SMU,2026_0508_terry_webb
2026_0509_curtis_allen,Curtis Allen,Virginia Union,2026_0509_curtis_allen
2026_0510_darris_smith,Darris Smith,LSU,2026_0510_darris_smith
2026_0511_aaron_graves,Aaron Graves,Iowa,2026_0511_aaron_graves
2026_0512_blake_cotton,Blake Cotton,Utah,2026_0512_blake_cotton
2026_0513_xavier_mcleod,Xavier McLeod,Georgia,2026_0513_xavier_mcleod
2026_0514_avery_smith,Avery Smith,Toledo Rockets,2026_0514_avery_smith
2026_0515_domata_peko_jr,Domata Peko Jr.,UCLA,2026_0515_domata_peko_jr
2026_0516_jeremiah_alexander,Jeremiah Alexander,Alabama,2026_0516_jeremiah_alexander
2026_0517_tanner_arkin,Tanner Arkin,Illinois Fighting Illini,2026_0517_tanner_arkin
2026_0518_aaron_bryant,Aaron Bryant,Texas,2026_0518_aaron_bryant
2026_0519_ahmaad_moses,Ahmaad Moses,SMU Mustangs,2026_0519_ahmaad_moses
2026_0520_jacob_thomas,Jacob Thomas,James Madison,2026_0520_jacob_thomas
2026_0521_joel_starlings,Joel Starlings,South Carolina,2026_0521_joel_starlings
2026_0522_jmichael_sturdivant,J.Michael Sturdivant,Florida,2026_0522_jmichael_sturdivant
2026_0523_tre_williams,Tre Williams,Clemson,2026_0523_tre_williams
2026_0524_khalil_dinkins,Khalil Dinkins,Penn State,2026_0524_khalil_dinkins
2026_0525_nyckoles_harbor,Nyckoles Harbor,South Carolina,2026_0525_nyckoles_harbor
2026_0526_kaena_decambra,Ka'ena Decambra,Arizona,2026_0526_kaena_decambra
2026_0527_bryan_thomas_jr,Bryan Thomas Jr.,South Carolina,2026_0527_bryan_thomas_jr
2026_0528_devyn_bobby,Devyn Bobby,Notre Dame,2026_0528_devyn_bobby
2026_0529_reuben_unije,Reuben Unije,UCLA,2026_0529_reuben_unije
2026_0530_alan_herron,Alan Herron,Maryland,2026_0530_alan_herron
2026_0531_jalyn_phillips,Jalyn Phillips,Georgia,2026_0531_jalyn_phillips
2026_0532_delby_lemieux,Delby Lemieux,Dartmouth,2026_0532_delby_lemieux
2026_0533_winston_berglund,Winston Berglund,Oregon State,2026_0533_winston_berglund
2026_0534_isaac_smith,Isaac Smith,Mississippi State,2026_0534_isaac_smith
2026_0535_kalil_alexander,Kalil Alexander,Texas State,2026_0535_kalil_alexander
2026_0536_dakaari_nelson,Dakaari Nelson,Penn State,2026_0536_dakaari_nelson
2026_0537_keon_sabb,Keon Sabb,Alabama,2026_0537_keon_sabb
2026_0538_jaylen_mbakwe,Jaylen Mbakwe,Alabama,2026_0538_jaylen_mbakwe
2026_0539_branson_combs,Branson Combs,Wake Forest,2026_0539_branson_combs
2026_0540_haynes_king,Haynes King,Georgia Tech,2026_0540_haynes_king
2026_0541_keon_wylie,Keon Wylie,Texas Tech,2026_0541_keon_wylie
2026_0542_kj_bolden,KJ Bolden,Georgia,2026_0542_kj_bolden
2026_0543_pj_williams,P.J. Williams,SMU,2026_0543_pj_williams
2026_0544_dorion_strawn,Dorion Strawn,Texas State,2026_0544_dorion_strawn
2026_0545_derek_simmons,Derek Simmons,Oklahoma,2026_0545_derek_simmons
2026_0546_aj_harris,AJ Harris,Penn State,2026_0546_aj_harris
2026_0547_ricardo_jones_jr,Ricardo Jones Jr.,Purdue,2026_0547_ricardo_jones_jr
2026_0548_jahiem_lawson,Jahiem Lawson,Clemson,2026_0548_jahiem_lawson
2026_0549_denairius_gray,Denairius Gray,Florida,2026_0549_denairius_gray
2026_0550_wendell_moe_jr,Wendell Moe Jr.,Tennessee,2026_0550_wendell_moe_jr
2026_0551_samari_matthews,Samari Matthews,Texas A&M,2026_0551_samari_matthews
2026_0552_ashton_stamps,Ashton Stamps,LSU,2026_0552_ashton_stamps
2026_0553_tyre_west,Tyre West,Tennessee,2026_0553_tyre_west
2026_0554_jeremiah_wilson,Jeremiah Wilson,Florida State,2026_0554_jeremiah_wilson
2026_0555_miles_scott,Miles Scott,Illinois,2026_0555_miles_scott
2026_0556_dezz_ricks,Dezz Ricks,Texas A&M,2026_0556_dezz_ricks
2026_0557_rene_konga,Rene Konga,Louisville,2026_0557_rene_konga
2026_0558_tyreak_chappell,Tyreak Chappell,South Carolina,2026_0558_tyreak_chappell
2026_0559_matthew_hibner,Matthew Hibner,SMU,2026_0559_matthew_hibner
2026_0560_dj_rogers,DJ Rogers,TCU,2026_0560_dj_rogers
2026_0561_dominic_bailey,Dominic Bailey,Tennessee,2026_0561_dominic_bailey
2026_0562_jakeem_jackson,Ja'Keem Jackson,Florida,2026_0562_jakeem_jackson
2026_0563_jameson_geers,Jameson Geers,Minnesota,2026_0563_jameson_geers
2026_0564_jordan_shaw,Jordan Shaw,Washington,2026_0564_jordan_shaw
2026_0565_lorenzo_styles_jr,Lorenzo Styles Jr.,Ohio State,2026_0565_lorenzo_styles_jr
2026_0566_dayon_hayes,Dayon Hayes,Texas A&M,2026_0566_dayon_hayes
2026_0567_kani_walker,Kani Walker,Oregon,2026_0567_kani_walker
2026_0568_jalil_farooq,Jalil Farooq,Maryland,2026_0568_jalil_farooq
2026_0569_toriano_pride_jr,Toriano Pride Jr.,Missouri,2026_0569_toriano_pride_jr
2026_0570_devean_deal,Devean Deal,TCU,2026_0570_devean_deal
2026_0571_rocco_spindler,Rocco Spindler,Nebraska,2026_0571_rocco_spindler
2026_0572_treyveon_mcgee,Treyveon McGee,Georgia,2026_0572_treyveon_mcgee
2026_0573_marvin_jones_jr,Marvin Jones Jr.,Oklahoma,2026_0573_marvin_jones_jr
2026_0574_tyler_collins,Tyler Collins,Mississippi State,2026_0574_tyler_collins
2026_0575_isaiah_jatta,Isaiah Jatta,BYU,2026_0575_isaiah_jatta
2026_0576_toriano_pride,Toriano Pride,Missouri,2026_0576_toriano_pride
2026_0577_dariel_djabome,Dariel Djabome,Rutgers,2026_0577_dariel_djabome
2026_0578_jayden_virgin-morgan,Jayden Virgin-Morgan,Boise State,2026_0578_jayden_virgin-morgan
2026_0579_thomas_castellanos,Thomas Castellanos,Florida State,2026_0579_thomas_castellanos
2026_0580_isaiah_paul,Isaiah Paul,Baylor,2026_0580_isaiah_paul
2026_0581_raesjon_davis,Raesjon Davis,USC,2026_0581_raesjon_davis
2026_0582_ernest_hausmann,Ernest Hausmann,Michigan,2026_0582_ernest_hausmann
2026_0583_martavius_french,Martavius French,Tennessee,2026_0583_martavius_french
2026_0584_shedrick_shropshire,Shedrick Shropshire,TCU,2026_0584_shedrick_shropshire
2026_0585_dasan_mccullough,Dasan McCullough,Nebraska,2026_0585_dasan_mccullough
2026_0586_popo_aumavae,Popo Aumavae,Oregon,2026_0586_popo_aumavae
2026_0587_joshua_padilla,Joshua Padilla,Ohio State,2026_0587_joshua_padilla
2026_0588_brenan_vernon,Brenan Vernon,Notre Dame,2026_0588_brenan_vernon
2026_0589_tysheem_johnson,Tysheem Johnson,Oregon,2026_0589_tysheem_johnson
2026_0590_troy_bowles,Troy Bowles,Michigan,2026_0590_troy_bowles
2026_0591_derion_gullette,Derion Gullette,Mississippi State,2026_0591_derion_gullette
2026_0592_lewis_carter,Lewis Carter,UCF,2026_0592_lewis_carter
2026_0593_raymond_cottrell,Raymond Cottrell,West Alabama,2026_0593_raymond_cottrell
2026_0594_jaiden_ausberry,Jaiden Ausberry,Notre Dame,2026_0594_jaiden_ausberry
2026_0595_bravion_rogers,Bravion Rogers,Texas A&M,2026_0595_bravion_rogers
2026_0596_jameial_lyons,Jameial Lyons,Penn State,2026_0596_jameial_lyons
2026_0597_markee_anderson,Markee Anderson,South Carolina,2026_0597_markee_anderson
2026_0598_jason_moore,Jason Moore,Ohio State,2026_0598_jason_moore
2026_0599_nathan_leacock,Nathan Leacock,North Carolina,2026_0599_nathan_leacock
2026_0600_jaybron_harvey,Jaybron Harvey,North Carolina,2026_0600_jaybron_harvey
2026_0601_bai_jobe,Bai Jobe,Miami (OH),2026_0601_bai_jobe
2026_0602_braylon_james,Braylon James,TCU,2026_0602_braylon_james
2026_0603_nic_anderson,Nic Anderson,Oklahoma,2026_0603_nic_anderson
2026_0604_ryan_niblett,Ryan Niblett,Texas,2026_0604_ryan_niblett
2026_0605_shamurad_umarov,Shamurad Umarov,Tennessee,2026_0605_shamurad_umarov
2026_0606_samuel_mpemba,Samuel M'Pemba,Texas A&M,2026_0606_samuel_mpemba
2026_0607_johntay_cook,Johntay Cook,Texas,2026_0607_johntay_cook
2026_0608_makari_vickers,Makari Vickers,Colorado,2026_0608_makari_vickers
2026_0609_ayden_williams,Ayden Williams,Mississippi State,2026_0609_ayden_williams
2026_0610_isaiah_sategna,Isaiah Sategna,Arkansas,2026_0610_isaiah_sategna
2026_0611_jaylon_braxton,Jaylon Braxton,Mississippi,2026_0611_jaylon_braxton
2026_0612_calvin_simpson-hunt,Calvin Simpson-Hunt,Baylor,2026_0612_calvin_simpson-hunt
2026_0613_amarion_mccoy,A'Marion McCoy,Boise State,2026_0613_amarion_mccoy
2026_0614_james_durand,James Durand,Western Illinois,2026_0614_james_durand
2026_0615_calvin_clements,Calvin Clements,Kansas,2026_0615_calvin_clements
2026_0616_grayson_loftis,Grayson Loftis,Charlotte,2026_0616_grayson_loftis
2026_0617_sedrick_alexander,Sedrick Alexander,Vanderbilt,2026_0617_sedrick_alexander
2026_0618_davin_stoffel,Davin Stoffel,Illinois,2026_0618_davin_stoffel
2026_0619_travis_shaw,Travis Shaw,Texas,2026_0619_travis_shaw
2026_0620_denver_harris,Denver Harris,UNLV,2026_0620_denver_harris
2026_0621_maalik_murphy,Maalik Murphy,Oregon State,2026_0621_maalik_murphy
2026_0622_shawn_murphy,Shawn Murphy,South Carolina,2026_0622_shawn_murphy
2026_0623_kobe_prentice,Kobe Prentice,Baylor,2026_0623_kobe_prentice
2026_0624_braylin_presley,Braylin Presley,Tulsa,2026_0624_braylin_presley
2026_0625_kaleb_brown,Kaleb Brown,UAB,2026_0625_kaleb_brown
2026_0626_kyion_grayes,Kyion Grayes,California,2026_0626_kyion_grayes
2026_0627_tobias_merriweather,Tobias Merriweather,Utah,2026_0627_tobias_merriweather
2026_0628_trevonte_citizen,TreVonte Citizen,McNeese State,2026_0628_trevonte_citizen
2026_0629_jamari_lyons,Jamari Lyons,Florida,2026_0629_jamari_lyons
2026_0630_khurtiss_perry,Khurtiss Perry,Jacksonville State,2026_0630_khurtiss_perry
2026_0631_holden_staes,Holden Staes,Indiana,2026_0631_holden_staes
2026_0632_kam_dewberry,Kam Dewberry,Alabama,2026_0632_kam_dewberry
2026_0633_arlis_boardingham,Arlis Boardingham,Florida,2026_0633_arlis_boardingham
2026_0634_cole_hutson,Cole Hutson,Texas,2026_0634_cole_hutson
2026_0635_malick_sylla,Malick Sylla,Mississippi State,2026_0635_malick_sylla
2026_0636_cj_williams,C.J. Williams,Stanford,2026_0636_cj_williams
2026_0637_jacolby_spells,Jacolby Spells,West Virginia,2026_0637_jacolby_spells
2026_0638_oscar_cardenas,Oscar Cardenas,UTSA,2026_0638_oscar_cardenas
2026_0639_jaylon_glover,Jaylon Glover,UNLV,2026_0639_jaylon_glover
2026_0640_collin_sadler,Collin Sadler,Clemson,2026_0640_collin_sadler
2026_0641_luke_hasz,Luke Hasz,Arkansas,2026_0641_luke_hasz
2026_0642_cam_miller,Cam Miller,Rutgers,2026_0642_cam_miller
2026_0643_antonio_gates_jr,Antonio Gates Jr.,Delaware State,2026_0643_antonio_gates_jr
