draft_year,player_id,player_name,position,pos_abbr,school,school_name,school_abbr,link,pick,overall,round,traded,trade_note,team,team_abbr,team_logo_espn,pos_rk,ovr_rk,grade,player_image,height,weight
2026,2026_0001_fernando_mendoza,Fernando Mendoza,QB,QB,Indiana,Indiana,INDI,,,,,,,,,,1,1,95.00,,77,225
2026,2026_0002_arvell_reese,Arvell Reese,LB,LB,Ohio State,Ohio State,OS,,,,,,,,,,1,2,95.00,,74,235
2026,2026_0003_rueben_bain,Rueben Bain,EDGE,EDGE,Miami (FL),Miami (FL),M(,,,,,,,,,,1,3,94.40,,,
2026,2026_0004_caleb_downs,Caleb Downs,S,S,Ohio State,Ohio State,OS,,,,,,,,,,1,4,95.00,,72,205
2026,2026_0005_lanorris_sellers,LaNorris Sellers,QB,QB,South Carolina,South Carolina,SC,,,,,,,,,,2,5,94.30,,75,242
2026,2026_0006_rueben_bain_jr,Rueben Bain Jr.,EDGE,EDGE,Miami,Miami,MIAM,,,,,,,,,,2,6,95.00,,75,275
2026,2026_0007_jeremiyah_love,Jeremiyah Love,RB,RB,Notre Dame,Notre Dame,ND,,,,,,,,,,1,7,95.00,,72,206
2026,2026_0008_david_bailey,David Bailey,EDGE,EDGE,Texas Tech,Texas Tech,TT,,,,,,,,,,3,8,95.00,,76,250
2026,2026_0009_francis_mauigoa,Francis Mauigoa,OT,OT,Miami,Miami,MIAM,,,,,,,,,,1,9,95.00,,78,315
2026,2026_0010_carnell_tate,Carnell Tate,WR,WR,Ohio State,Ohio State,OS,,,,,,,,,,1,10,94.93,,75,191
2026,2026_0011_nyck_harbor,Nyck Harbor,WR,WR,South Carolina,South Carolina,SC,,,,,,,,,,2,11,94.00,,77,243
2026,2026_0012_sonny_styles,Sonny Styles,LB,LB,Ohio State,Ohio State,OS,,,,,,,,,,2,12,94.83,,76,240
2026,2026_0013_mansoor_delane,Mansoor Delane,CB,CB,LSU,LSU,LSU,,,,,,,,,,1,13,94.78,,71,190
2026,2026_0014_makai_lemon,Makai Lemon,WR,WR,USC,USC,USC,,,,,,,,,,3,14,94.73,,73,200
2026,2026_0015_spencer_fano,Spencer Fano,OT,OT,Utah,Utah,UTAH,,,,,,,,,,2,15,94.68,,77,304
2026,2026_0016_jordyn_tyson,Jordyn Tyson,WR,WR,Arizona State,Arizona State,AS,,,,,,,,,,4,16,94.85,,73,195
2026,2026_0017_jermod_mccoy,Jermod McCoy,CB,CB,Tennessee,Tennessee,TENN,,,,,,,,,,2,17,94.36,,72,195
2026,2026_0018_peter_woods,Peter Woods,DT,DT,Clemson,Clemson,CLEM,,,,,,,,,,1,18,94.85,,75,315
2026,2026_0019_olaivavega_ioane,Olaivavega Ioane,IOL,IOL,Penn State,Penn State,PS,,,,,,,,,,1,19,94.26,,75,310
2026,2026_0020_vega_ioane,Vega Ioane,IOL,IOL,Penn State,Penn State,PS,,,,,,,,,,2,20,93.55,,,
2026,2026_0021_kenyon_sadiq,Kenyon Sadiq,TE,TE,Oregon,Oregon,OREG,,,,,,,,,,1,21,94.38,,75,245
2026,2026_0022_keldric_faulk,Keldric Faulk,EDGE,EDGE,Auburn,Auburn,AUBU,,,,,,,,,,4,22,94.33,,78,274
2026,2026_0023_cashius_howell,Cashius Howell,EDGE,EDGE,Texas A&M,Texas A&M,TA,,,,,,,,,,5,23,94.28,,76,260
2026,2026_0024_denzel_boston,Denzel Boston,WR,WR,Washington,Washington,WASH,,,,,,,,,,5,24,94.23,,76,209
2026,2026_0025_avieon_terrell,Avieon Terrell,CB,CB,Clemson,Clemson,CLEM,,,,,,,,,,3,25,94.40,,71,180
2026,2026_0026_caleb_lomu,Caleb Lomu,OT,OT,Utah,Utah,UTAH,,,,,,,,,,3,26,94.35,,78,302
2026,2026_0027_kadyn_proctor,Kadyn Proctor,OT,OT,Alabama,Alabama,ALAB,,,,,,,,,,4,27,94.30,,79,360
2026,2026_0028_akheem_mesidor,Akheem Mesidor,EDGE,EDGE,Miami,Miami,MIAM,,,,,,,,,,6,28,94.03,,76,260
2026,2026_0029_monroe_freeling,Monroe Freeling,OT,OT,Georgia,Georgia,GEOR,,,,,,,,,,5,29,93.98,,78,315
2026,2026_0030_kevin_concepcion,Kevin Concepcion,WR,WR,Texas A&M,Texas A&M,TA,,,,,,,,,,6,30,93.05,,71,183
2026,2026_0031_tj_parker,T.J. Parker,EDGE,EDGE,Clemson,Clemson,CLEM,,,,,,,,,,7,31,94.10,,75,265
2026,2026_0032_emmanuel_mcneil-warren,Emmanuel McNeil-Warren,S,S,Toledo,Toledo,TOLE,,,,,,,,,,2,32,93.83,,72,205
2026,2026_0033_kc_concepcion,KC Concepcion,WR,WR,Texas A&M,Texas A&M,TA,,,,,,,,,,7,33,93.56,,73,200
2026,2026_0034_caleb_banks,Caleb Banks,DT,DT,Florida,Florida,FLOR,,,,,,,,,,2,34,93.73,,75,305
2026,2026_0035_cj_allen,C.J. Allen,LB,LB,Georgia,Georgia,GEOR,,,,,,,,,,3,35,93.68,,73,235
2026,2026_0036_kayden_mcdonald,Kayden McDonald,DT,DT,Ohio State,Ohio State,OS,,,,,,,,,,3,36,93.63,,75,305
2026,2026_0037_colton_hood,Colton Hood,CB,CB,Tennessee,Tennessee,TENN,,,,,,,,,,4,37,93.58,,71,190
2026,2026_0038_dillon_thieneman,Dillon Thieneman,S,S,Oregon,Oregon,OREG,,,,,,,,,,3,38,93.53,,72,207
2026,2026_0039_brandon_cisse,Brandon Cisse,CB,CB,South Carolina,South Carolina,SC,,,,,,,,,,5,39,93.48,,71,190
2026,2026_0040_lee_hunter,Lee Hunter,DT,DT,Texas Tech,Texas Tech,TT,,,,,,,,,,4,40,93.43,,75,305
2026,2026_0041_anthony_hill_jr,Anthony Hill Jr.,LB,LB,Texas,Texas,TEXA,,,,,,,,,,4,41,93.60,,75,235
2026,2026_0042_ty_simpson,Ty Simpson,QB,QB,Alabama,Alabama,ALAB,,,,,,,,,,3,42,93.33,,76,220
2026,2026_0043_lt_overton,L.T. Overton,EDGE,EDGE,Alabama,Alabama,ALAB,,,,,,,,,,8,43,93.28,,77,283
2026,2026_0044_christen_miller,Christen Miller,DT,DT,Georgia,Georgia,GEOR,,,,,,,,,,5,44,93.23,,75,305
2026,2026_0045_r_mason_thomas,R Mason Thomas,EDGE,EDGE,Oklahoma,Oklahoma,OKLA,,,,,,,,,,9,45,93.18,,74,249
2026,2026_0046_zion_young,Zion Young,EDGE,EDGE,Missouri,Missouri,MISS,,,,,,,,,,10,46,93.13,,76,260
2026,2026_0047_omar_cooper_jr,Omar Cooper Jr.,WR,WR,Indiana,Indiana,INDI,,,,,,,,,,8,47,93.08,,73,200
2026,2026_0048_max_iheanachor,Max Iheanachor,OT,OT,Arizona State,Arizona State,AS,,,,,,,,,,6,48,93.03,,78,315
2026,2026_0049_emmanuel_pregnon,Emmanuel Pregnon,IOL,IOL,Oregon,Oregon,OREG,,,,,,,,,,3,49,92.76,,75,310
2026,2026_0050_blake_miller,Blake Miller,OT,OT,Clemson,Clemson,CLEM,,,,,,,,,,7,50,92.93,,78,315
2026,2026_0051_chris_bell,Chris Bell,WR,WR,Louisville,Louisville,LOUI,,,,,,,,,,9,51,92.44,,74,220
2026,2026_0052_keith_abney_ii,Keith Abney II,CB,CB,Arizona State,Arizona State,AS,,,,,,,,,,6,52,92.39,,71,190
2026,2026_0053_d39angelo_ponds,D&#39;Angelo Ponds,CB,CB,Indiana,Indiana,INDI,,,,,,,,,,7,53,91.90,,,
2026,2026_0054_gabe_jacas,Gabe Jacas,EDGE,EDGE,Illinois,Illinois,ILLI,,,,,,,,,,11,54,92.51,,76,260
2026,2026_0055_chris_johnson,Chris Johnson,CB,CB,San Diego State,San Diego State,SDS,,,,,,,,,,8,55,92.24,,71,190
2026,2026_0056_chris_brazzell,Chris Brazzell,WR,WR,Tennessee,Tennessee,TENN,,,,,,,,,,10,56,91.75,,,
2026,2026_0057_jadarian_price,Jadarian Price,RB,RB,Notre Dame,Notre Dame,ND,,,,,,,,,,2,57,92.36,,71,210
2026,2026_0058_jake_golday,Jake Golday,LB,LB,Cincinnati,Cincinnati,CINC,,,,,,,,,,5,58,92.53,,74,235
2026,2026_0059_aj_haulcy,A.J. Haulcy,S,S,LSU,LSU,LSU,,,,,,,,,,4,59,92.04,,72,205
2026,2026_0060_keionte_scott,Keionte Scott,CB,CB,Miami,Miami,MIAM,,,,,,,,,,9,60,92.21,,71,190
2026,2026_0061_dangelo_ponds,D'Angelo Ponds,CB,CB,Indiana,Indiana,INDI,,,,,,,,,,10,61,91.94,,71,190
2026,2026_0062_malachi_fields,Malachi Fields,WR,WR,Notre Dame,Notre Dame,ND,,,,,,,,,,11,62,92.33,,73,200
2026,2026_0063_germie_bernard,Germie Bernard,WR,WR,Alabama,Alabama,ALAB,,,,,,,,,,12,63,91.84,,73,204
2026,2026_0064_eli_stowers,Eli Stowers,TE,TE,Vanderbilt,Vanderbilt,VAND,,,,,,,,,,2,64,91.79,,76,233
2026,2026_0065_zachariah_branch,Zachariah Branch,WR,WR,Georgia,Georgia,GEOR,,,,,,,,,,13,65,91.96,,71,175
2026,2026_0066_chase_bisontis,Chase Bisontis,IOL,IOL,Texas A&M,Texas A&M,TA,,,,,,,,,,4,66,91.91,,78,320
2026,2026_0067_josiah_trotter,Josiah Trotter,LB,LB,Missouri,Missouri,MISS,,,,,,,,,,6,67,91.86,,74,235
2026,2026_0068_caleb_tiernan,Caleb Tiernan,OT,OT,Northwestern,Northwestern,NORT,,,,,,,,,,8,68,91.59,,78,315
2026,2026_0069_derrick_moore,Derrick Moore,EDGE,EDGE,Michigan,Michigan,MICH,,,,,,,,,,12,69,91.54,,76,271
2026,2026_0070_chris_brazzell_ii,Chris Brazzell II,WR,WR,Tennessee Volunteers,Tennessee Volunteers,TV,,,,,,,,,,14,70,91.27,,73,200
2026,2026_0071_elijah_sarratt,Elijah Sarratt,WR,WR,Indiana,Indiana,INDI,,,,,,,,,,15,71,91.44,,73,200
2026,2026_0072_connor_lew,Connor Lew,IOL,IOL,Auburn,Auburn,AUBU,,,,,,,,,,5,72,91.39,,75,310
2026,2026_0073_gennings_dunker,Gennings Dunker,OT,OT,Iowa,Iowa,IOWA,,,,,,,,,,9,73,91.34,,78,315
2026,2026_0074_romello_height,Romello Height,EDGE,EDGE,Texas Tech,Texas Tech,TT,,,,,,,,,,13,74,91.29,,76,260
2026,2026_0075_kamari_ramsey,Kamari Ramsey,S,S,USC,USC,USC,,,,,,,,,,5,75,91.24,,72,205
2026,2026_0076_joshua_josephs,Joshua Josephs,EDGE,EDGE,Tennessee,Tennessee,TENN,,,,,,,,,,14,76,91.19,,76,260
2026,2026_0077_domonique_orange,Domonique Orange,DT,DT,Iowa State,Iowa State,IS,,,,,,,,,,6,77,91.14,,75,305
2026,2026_0078_antonio_williams,Antonio Williams,WR,WR,Clemson,Clemson,CLEM,,,,,,,,,,16,78,91.31,,71,190
2026,2026_0079_max_klare,Max Klare,TE,TE,Ohio State,Ohio State,OS,,,,,,,,,,3,79,91.04,,76,240
2026,2026_0080_deontae_lawson,Deontae Lawson,LB,LB,Alabama,Alabama,ALAB,,,,,,,,,,7,80,90.99,,74,239
2026,2026_0081_jacob_rodriguez,Jacob Rodriguez,LB,LB,Texas Tech,Texas Tech,TT,,,,,,,,,,8,81,90.94,,74,235
2026,2026_0082_emmett_johnson,Emmett Johnson,RB,RB,Nebraska,Nebraska,NEBR,,,,,,,,,,3,82,90.89,,71,210
2026,2026_0083_jonah_coleman,Jonah Coleman,RB,RB,Washington,Washington,WASH,,,,,,,,,,4,83,90.84,,71,210
2026,2026_0084_jakobi_lane,Ja'Kobi Lane,WR,WR,USC,USC,USC,,,,,,,,,,17,84,90.79,,76,195
2026,2026_0085_darrell_jackson_jr,Darrell Jackson Jr.,DT,DT,Florida State,Florida State,FS,,,,,,,,,,7,85,90.74,,77,334
2026,2026_0086_garrett_nussmeier,Garrett Nussmeier,QB,QB,LSU,LSU,LSU,,,,,,,,,,4,86,90.69,,74,200
2026,2026_0087_deion_burks,Deion Burks,WR,WR,Oklahoma,Oklahoma,OKLA,,,,,,,,,,18,87,90.86,,73,200
2026,2026_0088_jake_slaughter,Jake Slaughter,IOL,IOL,Florida,Florida,FLOR,,,,,,,,,,6,88,90.59,,76,308
2026,2026_0089_chandler_rivers,Chandler Rivers,CB,CB,Duke,Duke,DUKE,,,,,,,,,,11,89,90.54,,70,180
2026,2026_0090_devin_moore,Devin Moore,CB,CB,Florida,Florida,FLOR,,,,,,,,,,12,90,90.27,,,
2026,2026_0091_trinidad_chambliss,Trinidad Chambliss,QB,QB,Mississippi Rebels,Mississippi Rebels,MR,,,,,,,,,,5,91,90.22,,76,220
2026,2026_0092_michael_trigg,Michael Trigg,TE,TE,Baylor,Baylor,BAYL,,,,,,,,,,4,92,90.39,,77,250
2026,2026_0093_dontay_corleone,Dontay Corleone,DT,DT,Cincinnati,Cincinnati,CINC,,,,,,,,,,8,93,90.34,,75,305
2026,2026_0094_ja39kobi_lane,Ja&#39;Kobi Lane,WR,WR,USC,USC,USC,,,,,,,,,,19,94,89.85,,,
2026,2026_0095_dani_dennis-sutton,Dani Dennis-Sutton,EDGE,EDGE,Penn State,Penn State,PS,,,,,,,,,,15,95,90.24,,76,260
2026,2026_0096_malik_muhammad,Malik Muhammad,CB,CB,Texas,Texas,TEXA,,,,,,,,,,13,96,90.19,,72,190
2026,2026_0097_zakee_wheatley,Zakee Wheatley,S,S,Penn State,Penn State,PS,,,,,,,,,,6,97,90.14,,72,205
2026,2026_0098_skyler_bell,Skyler Bell,WR,WR,UConn,UConn,UCON,,,,,,,,,,20,98,90.09,,73,200
2026,2026_0099_genesis_smith,Genesis Smith,S,S,Arizona,Arizona,ARIZ,,,,,,,,,,7,99,90.04,,72,205
2026,2026_0100_drew_allar,Drew Allar,QB,QB,Penn State,Penn State,PS,,,,,,,,,,6,100,90.21,,77,238
2026,2026_0101_anthony_lucas,Anthony Lucas,EDGE,EDGE,USC,USC,USC,,,,,,,,,,16,101,89.94,,76,260
2026,2026_0102_sam_hecht,Sam Hecht,IOL,IOL,Kansas State,Kansas State,KS,,,,,,,,,,7,102,89.89,,75,310
2026,2026_0103_will_lee_iii,Will Lee III,CB,CB,Texas A&M Aggies,Texas A&M Aggies,TAA,,,,,,,,,,14,103,89.84,,71,190
2026,2026_0104_julian_neal,Julian Neal,CB,CB,Arkansas,Arkansas,ARKA,,,,,,,,,,15,104,89.79,,71,190
2026,2026_0105_cade_klubnik,Cade Klubnik,QB,QB,Clemson,Clemson,CLEM,,,,,,,,,,7,105,90.18,,74,205
2026,2026_0106_justin_joly,Justin Joly,TE,TE,NC State,NC State,NS,,,,,,,,,,5,106,89.69,,77,250
2026,2026_0107_brian_parker_ii,Brian Parker II,OT,OT,Duke,Duke,DUKE,,,,,,,,,,10,107,89.64,,78,315
2026,2026_0108_daylen_everette,Daylen Everette,CB,CB,Georgia,Georgia,GEOR,,,,,,,,,,16,108,89.59,,73,190
2026,2026_0109_jack_endries,Jack Endries,TE,TE,Texas,Texas,TEXA,,,,,,,,,,6,109,89.54,,77,250
2026,2026_0110_keylan_rutledge,Keylan Rutledge,IOL,IOL,Georgia Tech,Georgia Tech,GT,,,,,,,,,,8,110,89.49,,75,310
2026,2026_0111_isaiah_world,Isaiah World,OT,OT,Oregon,Oregon,OREG,,,,,,,,,,11,111,89.44,,80,313
2026,2026_0112_kyle_louis,Kyle Louis,LB,LB,Pittsburgh,Pittsburgh,PITT,,,,,,,,,,9,112,89.39,,74,235
2026,2026_0113_davison_igbinosun,Davison Igbinosun,CB,CB,Ohio State,Ohio State,OS,,,,,,,,,,17,113,89.34,,74,193
2026,2026_0114_bud_clark,Bud Clark,S,S,TCU,TCU,TCU,,,,,,,,,,8,114,89.29,,72,205
2026,2026_0115_carson_beck,Carson Beck,QB,QB,Miami (FL) Hurricanes,Miami (FL) Hurricanes,M(H,,,,,,,,,,8,115,89.24,,76,220
2026,2026_0116_austin_barber,Austin Barber,OT,OT,Florida,Florida,FLOR,,,,,,,,,,12,116,89.19,,78,314
2026,2026_0117_kaleb_proctor,Kaleb Proctor,DT,DT,Southeastern Louisiana,Southeastern Louisiana,SL,,,,,,,,,,9,117,88.70,,,
2026,2026_0118_taurean_york,Taurean York,LB,LB,Texas A&M Aggies,Texas A&M Aggies,TAA,,,,,,,,,,10,118,89.09,,74,235
2026,2026_0119_nicholas_singleton,Nicholas Singleton,RB,RB,Penn State Nittany Lions,Penn State Nittany Lions,PSNL,,,,,,,,,,5,119,88.82,,72,226
2026,2026_0120_ted_hurst,Ted Hurst,WR,WR,Georgia State,Georgia State,GS,,,,,,,,,,21,120,88.99,,73,200
2026,2026_0121_nick_singleton,Nick Singleton,RB,RB,Penn State,Penn State,PS,,,,,,,,,,6,121,88.50,,,
2026,2026_0122_billy_schrauth,Billy Schrauth,IOL,IOL,Notre Dame,Notre Dame,ND,,,,,,,,,,9,122,88.67,,,
2026,2026_0123_gracen_halton,Gracen Halton,DT,DT,Oklahoma,Oklahoma,OKLA,,,,,,,,,,10,123,88.84,,75,305
2026,2026_0124_harold_perkins,Harold Perkins,LB,LB,LSU,LSU,LSU,,,,,,,,,,11,124,88.35,,,
2026,2026_0125_xavier_scott,Xavier Scott,CB,CB,Illinois Fighting Illini,Illinois Fighting Illini,IFI,,,,,,,,,,18,125,88.52,,71,190
2026,2026_0126_cj_daniels,C.J. Daniels,WR,WR,Miami (FL) Hurricanes,Miami (FL) Hurricanes,M(H,,,,,,,,,,22,126,88.69,,73,200
2026,2026_0127_malachi_lawrence,Malachi Lawrence,EDGE,EDGE,UCF,UCF,UCF,,,,,,,,,,17,127,88.64,,76,260
2026,2026_0128_jaishawn_barham,Jaishawn Barham,LB,LB,Michigan,Michigan,MICH,,,,,,,,,,12,128,88.59,,,
2026,2026_0129_sam_roush,Sam Roush,TE,TE,Stanford,Stanford,STAN,,,,,,,,,,7,129,88.54,,77,250
2026,2026_0130_kaytron_allen,Kaytron Allen,RB,RB,Penn State,Penn State,PS,,,,,,,,,,7,130,88.49,,71,210
2026,2026_0131_jalon_kilgore,Jalon Kilgore,S,S,South Carolina,South Carolina,SC,,,,,,,,,,9,131,88.44,,74,215
2026,2026_0132_mike_washington_jr,Mike Washington Jr.,RB,RB,Arkansas,Arkansas,ARKA,,,,,,,,,,8,132,88.39,,71,210
2026,2026_0133_mikail_kamara,Mikail Kamara,EDGE,EDGE,Indiana,Indiana,INDI,,,,,,,,,,18,133,88.34,,76,260
2026,2026_0134_skyler_gill-howard,Skyler Gill-Howard,DT,DT,Texas Tech,Texas Tech,TT,,,,,,,,,,11,134,88.29,,75,305
2026,2026_0135_seth_mcgowan,Seth McGowan,RB,RB,Kentucky Wildcats,Kentucky Wildcats,KW,,,,,,,,,,9,135,88.02,,71,210
2026,2026_0136_harold_perkins_jr,Harold Perkins Jr.,LB,LB,LSU Tigers,LSU Tigers,LT,,,,,,,,,,13,136,87.97,,73,220
2026,2026_0137_drew_shelton,Drew Shelton,OT,OT,Penn State,Penn State,PS,,,,,,,,,,13,137,88.14,,78,315
2026,2026_0138_de39zhaun_stribling,De&#39;Zhaun Stribling,WR,WR,Ole Miss,Ole Miss,OM,,,,,,,,,,23,138,87.65,,,
2026,2026_0139_michael_taaffe,Michael Taaffe,S,S,Texas,Texas,TEXA,,,,,,,,,,10,139,88.04,,72,205
2026,2026_0140_tim_keenan_iii,Tim Keenan III,DT,DT,Alabama,Alabama,ALAB,,,,,,,,,,12,140,87.99,,75,305
2026,2026_0141_tyreak_sapp,Tyreak Sapp,EDGE,EDGE,Florida,Florida,FLOR,,,,,,,,,,19,141,87.94,,75,270
2026,2026_0142_jude_bowry,Jude Bowry,OT,OT,Boston College,Boston College,BC,,,,,,,,,,14,142,87.89,,78,315
2026,2026_0143_jc_davis,J.C. Davis,OT,OT,Illinois,Illinois,ILLI,,,,,,,,,,15,143,87.84,,78,315
2026,2026_0144_brenen_thompson,Brenen Thompson,WR,WR,Mississippi State,Mississippi State,MS,,,,,,,,,,24,144,87.79,,73,200
2026,2026_0145_cole_payton,Cole Payton,QB,QB,North Dakota State,North Dakota State,NDS,,,,,,,,,,9,145,87.30,,,
2026,2026_0146_louis_moore,Louis Moore,S,S,Indiana,Indiana,INDI,,,,,,,,,,11,146,87.47,,,
2026,2026_0147_joe_royer,Joe Royer,TE,TE,Cincinnati,Cincinnati,CINC,,,,,,,,,,8,147,87.64,,77,250
2026,2026_0148_beau_stephens,Beau Stephens,IOL,IOL,Iowa,Iowa,IOWA,,,,,,,,,,10,148,87.59,,75,310
2026,2026_0149_david_oke,David Oke,DT,DT,Arkansas Razorbacks,Arkansas Razorbacks,AR,,,,,,,,,,13,149,87.10,,75,305
2026,2026_0150_logan_jones,Logan Jones,IOL,IOL,Iowa,Iowa,IOWA,,,,,,,,,,11,150,87.49,,75,310
2026,2026_0151_oscar_delp,Oscar Delp,TE,TE,Georgia,Georgia,GEOR,,,,,,,,,,9,151,87.44,,77,245
2026,2026_0152_eli_raridon,Eli Raridon,TE,TE,Notre Dame,Notre Dame,ND,,,,,,,,,,10,152,87.39,,78,250
2026,2026_0153_jalen_farmer,Jalen Farmer,IOL,IOL,Kentucky,Kentucky,KENT,,,,,,,,,,12,153,86.90,,,
2026,2026_0154_kage_casey,Kage Casey,OT,OT,Boise State,Boise State,BS,,,,,,,,,,16,154,87.29,,77,310
2026,2026_0155_pat_coogan,Pat Coogan,IOL,IOL,Indiana Hoosiers,Indiana Hoosiers,IH,,,,,,,,,,13,155,87.02,,75,310
2026,2026_0156_dezhaun_stribling,De'Zhaun Stribling,WR,WR,Mississippi Rebels,Mississippi Rebels,MR,,,,,,,,,,25,156,86.97,,73,200
2026,2026_0157_josh_cuevas,Josh Cuevas,TE,TE,Alabama Crimson Tide,Alabama Crimson Tide,ACT,,,,,,,,,,11,157,86.92,,77,250
2026,2026_0158_fernando_carmona_jr,Fernando Carmona Jr.,OT,OT,Arkansas,Arkansas,ARKA,,,,,,,,,,17,158,86.65,,,
2026,2026_0159_parker_brailsford,Parker Brailsford,IOL,IOL,Alabama,Alabama,ALAB,,,,,,,,,,14,159,87.04,,74,290
2026,2026_0160_demond_claiborne,Demond Claiborne,RB,RB,Wake Forest,Wake Forest,WF,,,,,,,,,,10,160,86.99,,71,195
2026,2026_0161_dametrious_crownover,Dametrious Crownover,OT,OT,Texas A&M Aggies,Texas A&M Aggies,TAA,,,,,,,,,,18,161,86.94,,78,315
2026,2026_0162_markel_bell,Markel Bell,OT,OT,Miami (FL),Miami (FL),M(,,,,,,,,,,19,162,86.67,,,
2026,2026_0163_albert_regis,Albert Regis,DT,DT,Texas A&M Aggies,Texas A&M Aggies,TAA,,,,,,,,,,14,163,86.84,,75,305
2026,2026_0164_kevin_coleman_jr,Kevin Coleman Jr.,WR,WR,Missouri,Missouri,MISS,,,,,,,,,,26,164,86.79,,73,200
2026,2026_0165_bryce_lance,Bryce Lance,WR,WR,North Dakota State,North Dakota State,NDS,,,,,,,,,,27,165,86.52,,,
2026,2026_0166_eric_mcalister,Eric McAlister,WR,WR,TCU,TCU,TCU,,,,,,,,,,28,166,86.69,,73,200
2026,2026_0167_nate_boerkircher,Nate Boerkircher,TE,TE,Texas A&M Aggies,Texas A&M Aggies,TAA,,,,,,,,,,12,167,86.64,,77,250
2026,2026_0168_hezekiah_masses,Hezekiah Masses,CB,CB,California,California,CALI,,,,,,,,,,19,168,86.59,,71,190
2026,2026_0169_jager_burton,Jager Burton,IOL,IOL,Kentucky,Kentucky,KENT,,,,,,,,,,15,169,86.54,,75,310
2026,2026_0170_zane_durant,Zane Durant,DT,DT,Penn State,Penn State,PS,,,,,,,,,,15,170,86.49,,73,290
2026,2026_0171_aiden_fisher,Aiden Fisher,LB,LB,Indiana,Indiana,INDI,,,,,,,,,,14,171,86.44,,74,235
2026,2026_0172_dj_campbell,D.J. Campbell,IOL,IOL,Texas,Texas,TEXA,,,,,,,,,,16,172,86.39,,75,310
2026,2026_0173_armaj_reed-adams,Ar'maj Reed-Adams,IOL,IOL,Texas A&M Aggies,Texas A&M Aggies,TAA,,,,,,,,,,17,173,86.12,,77,330
2026,2026_0174_aamil_wagner,Aamil Wagner,OT,OT,Notre Dame,Notre Dame,ND,,,,,,,,,,20,174,86.29,,78,292
2026,2026_0175_trey_zuhn_iii,Trey Zuhn III,OT,OT,Texas A&M Aggies,Texas A&M Aggies,TAA,,,,,,,,,,21,175,86.24,,78,315
2026,2026_0176_tacario_davis,Tacario Davis,CB,CB,Washington,Washington,WASH,,,,,,,,,,20,176,86.19,,76,195
2026,2026_0177_thaddeus_dixon,Thaddeus Dixon,CB,CB,North Carolina Tar Heels,North Carolina Tar Heels,NCTH,,,,,,,,,,21,177,85.92,,71,190
2026,2026_0178_treydan_stukes,Treydan Stukes,CB,CB,Arizona,Arizona,ARIZ,,,,,,,,,,22,178,86.09,,71,190
2026,2026_0179_marlin_klein,Marlin Klein,TE,TE,Michigan,Michigan,MICH,,,,,,,,,,13,179,86.04,,77,250
2026,2026_0180_jadon_canady,Jadon Canady,CB,CB,Oregon Ducks,Oregon Ducks,OD,,,,,,,,,,23,180,85.77,,71,190
2026,2026_0181_demonte_capehart,DeMonte Capehart,DT,DT,Clemson,Clemson,CLEM,,,,,,,,,,16,181,85.94,,75,305
2026,2026_0182_josh_cameron,Josh Cameron,WR,WR,Baylor,Baylor,BAYL,,,,,,,,,,29,182,85.89,,73,200
2026,2026_0183_nadame_tucker,Nadame Tucker,EDGE,EDGE,Western Michigan Broncos,Western Michigan Broncos,WMB,,,,,,,,,,20,183,85.62,,76,260
2026,2026_0184_ar39maj_reed-adams,Ar&#39;maj Reed-Adams,IOL,IOL,Texas A&amp;M,Texas A&amp;M,TA,,,,,,,,,,18,184,85.35,,,
2026,2026_0185_bishop_fitzgerald,Bishop Fitzgerald,S,S,USC,USC,USC,,,,,,,,,,12,185,85.74,,72,205
2026,2026_0186_rayshaun_benny,Rayshaun Benny,DT,DT,Michigan,Michigan,MICH,,,,,,,,,,17,186,85.69,,75,305
2026,2026_0187_dallen_bentley,Dallen Bentley,TE,TE,Utah,Utah,UTAH,,,,,,,,,,14,187,85.64,,77,250
2026,2026_0188_reggie_virgil,Reggie Virgil,WR,WR,Texas Tech,Texas Tech,TT,,,,,,,,,,30,188,85.59,,73,200
2026,2026_0189_caden_curry,Caden Curry,EDGE,EDGE,Ohio State,Ohio State,OS,,,,,,,,,,21,189,85.32,,,
2026,2026_0190_kendrick_law,Kendrick Law,WR,WR,Kentucky,Kentucky,KENT,,,,,,,,,,31,190,85.05,,,
2026,2026_0191_tanner_koziol,Tanner Koziol,TE,TE,Houston Cougars,Houston Cougars,HC,,,,,,,,,,15,191,85.22,,79,250
2026,2026_0192_earnest_greene_iii,Earnest Greene III,OT,OT,Georgia Bulldogs,Georgia Bulldogs,GB,,,,,,,,,,22,192,84.95,,76,320
2026,2026_0193_ephesians_prysock,Ephesians Prysock,CB,CB,Washington,Washington,WASH,,,,,,,,,,24,193,85.34,,71,190
2026,2026_0194_daequan_wright,Dae'Quan Wright,TE,TE,Mississippi Rebels,Mississippi Rebels,MR,,,,,,,,,,16,194,85.07,,77,250
2026,2026_0195_zxavian_harris,Zxavian Harris,DT,DT,Mississippi Rebels,Mississippi Rebels,MR,,,,,,,,,,18,195,85.24,,75,305
2026,2026_0196_john_michael_gyllenborg,John Michael Gyllenborg,TE,TE,Wyoming Cowboys,Wyoming Cowboys,WC,,,,,,,,,,17,196,84.97,,77,250
2026,2026_0197_jaeden_roberts,Jaeden Roberts,IOL,IOL,Alabama,Alabama,ALAB,,,,,,,,,,19,197,85.14,,77,328
2026,2026_0198_max_llewellyn,Max Llewellyn,EDGE,EDGE,Iowa,Iowa,IOWA,,,,,,,,,,22,198,85.09,,76,260
2026,2026_0199_eric_rivers,Eric Rivers,WR,WR,Georgia Tech,Georgia Tech,GT,,,,,,,,,,32,199,85.04,,73,200
2026,2026_0200_aaron_anderson,Aaron Anderson,WR,WR,LSU,LSU,LSU,,,,,,,,,,33,200,84.99,,73,200
2026,2026_0201_matt_gulbin,Matt Gulbin,IOL,IOL,Michigan State,Michigan State,MS,,,,,,,,,,20,201,84.50,,,
2026,2026_0202_lander_barton,Lander Barton,LB,LB,Utah,Utah,UTAH,,,,,,,,,,15,202,84.89,,74,235
2026,2026_0203_bryce_boettcher,Bryce Boettcher,LB,LB,Oregon Ducks,Oregon Ducks,OD,,,,,,,,,,16,203,84.62,,74,235
2026,2026_0204_j39mari_taylor,J&#39;Mari Taylor,RB,RB,Virginia,Virginia,VIRG,,,,,,,,,,11,204,84.35,,,
2026,2026_0205_domani_jackson,Domani Jackson,CB,CB,Alabama,Alabama,ALAB,,,,,,,,,,25,205,84.74,,73,195
2026,2026_0206_dae39quan_wright,Dae&#39;Quan Wright,TE,TE,Ole Miss,Ole Miss,OM,,,,,,,,,,18,206,84.25,,,
2026,2026_0207_jmari_taylor,J'Mari Taylor,RB,RB,Virginia Cavaliers,Virginia Cavaliers,VC,,,,,,,,,,12,207,84.42,,71,210
2026,2026_0208_keyron_crawford,Keyron Crawford,EDGE,EDGE,Auburn,Auburn,AUBU,,,,,,,,,,23,208,84.59,,76,260
2026,2026_0209_sawyer_robertson,Sawyer Robertson,QB,QB,Baylor,Baylor,BAYL,,,,,,,,,,10,209,84.54,,76,220
2026,2026_0210_jalon_daniels,Jalon Daniels,QB,QB,Kansas Jayhawks,Kansas Jayhawks,KJ,,,,,,,,,,11,210,84.27,,76,220
2026,2026_0211_tj_hall,TJ Hall,CB,CB,Iowa,Iowa,IOWA,,,,,,,,,,26,211,84.44,,71,190
2026,2026_0212_devon_marshall,Devon Marshall,CB,CB,North Carolina State Wolfpack,North Carolina State Wolfpack,NCSW,,,,,,,,,,27,212,84.17,,71,190
2026,2026_0213_leveon_moss,Le'Veon Moss,RB,RB,Texas A&M Aggies,Texas A&M Aggies,TAA,,,,,,,,,,13,213,84.12,,73,215
2026,2026_0214_chris_mcclellan,Chris McClellan,DT,DT,Missouri,Missouri,MISS,,,,,,,,,,19,214,84.29,,75,305
2026,2026_0215_jermaine_mathews_jr,Jermaine Mathews Jr.,CB,CB,Ohio State Buckeyes,Ohio State Buckeyes,OSB,,,,,,,,,,28,215,83.80,,71,190
2026,2026_0216_vincent_anthony_jr,Vincent Anthony Jr.,EDGE,EDGE,Duke Blue Devils,Duke Blue Devils,DBD,,,,,,,,,,24,216,83.97,,76,260
2026,2026_0217_kaelon_black,Kaelon Black,RB,RB,Indiana Hoosiers,Indiana Hoosiers,IH,,,,,,,,,,14,217,83.92,,71,210
2026,2026_0218_roman_hemby,Roman Hemby,RB,RB,Indiana Hoosiers,Indiana Hoosiers,IH,,,,,,,,,,15,218,83.87,,72,208
2026,2026_0219_keyshaun_elliott,Keyshaun Elliott,LB,LB,Arizona State,Arizona State,AS,,,,,,,,,,17,219,83.60,,,
2026,2026_0220_chase_roberts,Chase Roberts,WR,WR,BYU Cougars,BYU Cougars,BC,,,,,,,,,,34,220,83.77,,73,200
2026,2026_0221_kaden_wetjen,Kaden Wetjen,WR,WR,Iowa,Iowa,IOWA,,,,,,,,,,35,221,83.50,,,
2026,2026_0222_faalili_faamoe,Fa'alili Fa'amoe,OT,OT,Wake Forest Demon Deacons,Wake Forest Demon Deacons,WFDD,,,,,,,,,,23,222,83.67,,78,315
2026,2026_0223_j_michael_sturdivant,J. Michael Sturdivant,WR,WR,Florida Gators,Florida Gators,FG,,,,,,,,,,36,223,83.40,,73,200
2026,2026_0224_tyren_montgomery,Tyren Montgomery,WR,WR,John Carroll,John Carroll,JC,,,,,,,,,,37,224,83.35,,,
2026,2026_0225_robert_spears-jennings,Robert Spears-Jennings,S,S,Oklahoma Sooners,Oklahoma Sooners,OS,,,,,,,,,,13,225,83.52,,72,205
2026,2026_0226_keagen_trost,Keagen Trost,IOL,IOL,Missouri,Missouri,MISS,,,,,,,,,,21,226,83.25,,,
2026,2026_0227_carver_willis,Carver Willis,OT,OT,Washington,Washington,WASH,,,,,,,,,,24,227,83.20,,,
2026,2026_0228_cole_wisniewski,Cole Wisniewski,S,S,Texas Tech Red Raiders,Texas Tech Red Raiders,TTRR,,,,,,,,,,14,228,83.37,,72,205
2026,2026_0229_robert_henry_jr,Robert Henry Jr.,RB,RB,UTSA Roadrunners,UTSA Roadrunners,UR,,,,,,,,,,16,229,83.32,,71,210
2026,2026_0230_alex_harkey,Alex Harkey,OT,OT,Oregon,Oregon,OREG,,,,,,,,,,25,230,83.05,,,
2026,2026_0231_taylen_green,Taylen Green,QB,QB,Arkansas Razorbacks,Arkansas Razorbacks,AR,,,,,,,,,,12,231,83.22,,76,220
2026,2026_0232_jalen_stroman,Jalen Stroman,S,S,Notre Dame Fighting Irish,Notre Dame Fighting Irish,NDFI,,,,,,,,,,15,232,83.17,,72,205
2026,2026_0233_quintayvious_hutchins,Quintayvious Hutchins,EDGE,EDGE,Boston College Eagles,Boston College Eagles,BCE,,,,,,,,,,25,233,83.12,,76,260
2026,2026_0234_jakobe_thomas,Jakobe Thomas,S,S,Miami (FL),Miami (FL),M(,,,,,,,,,,16,234,82.85,,,
2026,2026_0235_jeff_caldwell,Jeff Caldwell,WR,WR,Cincinnati Bearcats,Cincinnati Bearcats,CB,,,,,,,,,,38,235,83.02,,73,200
2026,2026_0236_nick_barrett,Nick Barrett,DT,DT,South Carolina,South Carolina,SC,,,,,,,,,,20,236,82.75,,,
2026,2026_0237_trey_moore,Trey Moore,LB,LB,Texas Longhorns,Texas Longhorns,TL,,,,,,,,,,18,237,82.92,,74,235
2026,2026_0238_dane_key,Dane Key,WR,WR,Nebraska Cornhuskers,Nebraska Cornhuskers,NC,,,,,,,,,,39,238,82.87,,75,210
2026,2026_0239_lewis_bond,Lewis Bond,WR,WR,Boston College Eagles,Boston College Eagles,BCE,,,,,,,,,,40,239,82.82,,73,200
2026,2026_0240_deven_eastern,Deven Eastern,DT,DT,Minnesota Golden Gophers,Minnesota Golden Gophers,MGG,,,,,,,,,,21,240,82.77,,75,305
2026,2026_0241_andre_fuller,Andre Fuller,CB,CB,Toledo,Toledo,TOLE,,,,,,,,,,29,241,82.50,,,
2026,2026_0242_luke_altmyer,Luke Altmyer,QB,QB,Illinois Fighting Illini,Illinois Fighting Illini,IFI,,,,,,,,,,13,242,82.67,,76,220
2026,2026_0243_devonta_smith,Devonta Smith,CB,CB,Notre Dame Fighting Irish,Notre Dame Fighting Irish,NDFI,,,,,,,,,,30,243,82.62,,71,190
2026,2026_0244_jalen_walthall,Jalen Walthall,WR,WR,Incarnate Word,Incarnate Word,IW,,,,,,,,,,41,244,82.57,,73,200
2026,2026_0245_red_murdock,Red Murdock,LB,LB,Buffalo,Buffalo,BUFF,,,,,,,,,,19,245,82.30,,,
2026,2026_0246_eli_heidenreich,Eli Heidenreich,RB,RB,Navy Midshipmen,Navy Midshipmen,NM,,,,,,,,,,17,246,82.47,,71,210
2026,2026_0247_zavion_thomas,Zavion Thomas,WR,WR,LSU Tigers,LSU Tigers,LT,,,,,,,,,,42,247,82.42,,73,200
2026,2026_0248_riley_nowakowski,Riley Nowakowski,TE,TE,Indiana Hoosiers,Indiana Hoosiers,IH,,,,,,,,,,19,248,82.37,,77,250
2026,2026_0249_vj_payne,VJ Payne,S,S,Kansas State Wildcats,Kansas State Wildcats,KSW,,,,,,,,,,17,249,82.32,,72,205
2026,2026_0250_xavian_sorey_jr,Xavian Sorey Jr.,LB,LB,Arkansas Razorbacks,Arkansas Razorbacks,AR,,,,,,,,,,20,250,82.27,,74,235
2026,2026_0251_febechi_nwaiwu,Febechi Nwaiwu,IOL,IOL,Oklahoma,Oklahoma,OKLA,,,,,,,,,,22,251,82.00,,,
2026,2026_0252_tj_guy,TJ Guy,EDGE,EDGE,Michigan Wolverines,Michigan Wolverines,MW,,,,,,,,,,26,252,82.17,,76,260
2026,2026_0253_tyler_onyedim,Tyler Onyedim,DT,DT,Texas A&M,Texas A&M,TA,,,,,,,,,,22,253,81.90,,,
2026,2026_0254_ethan_burke,Ethan Burke,EDGE,EDGE,Texas,Texas,TEXA,,,,,,,,,,27,254,81.85,,,
2026,2026_0255_vinny_anthony_ii,Vinny Anthony II,WR,WR,Wisconsin Badgers,Wisconsin Badgers,WB,,,,,,,,,,43,255,82.02,,73,200
2026,2026_0256_jeremiah_wright,Jeremiah Wright,IOL,IOL,Auburn Tigers,Auburn Tigers,AT,,,,,,,,,,23,256,81.97,,75,310
2026,2026_0257_cyrus_allen,Cyrus Allen,WR,WR,Cincinnati Bearcats,Cincinnati Bearcats,CB,,,,,,,,,,44,257,81.92,,73,200
2026,2026_0258_tommy_castellanos,Tommy Castellanos,QB,QB,Florida State Seminoles,Florida State Seminoles,FSS,,,,,,,,,,14,258,81.65,,76,220
2026,2026_0259_james_brockermeyer,James Brockermeyer,IOL,IOL,Miami (FL),Miami (FL),M(,,,,,,,,,,24,259,81.60,,,
2026,2026_0260_james_thompson_jr,James Thompson Jr.,DT,DT,Illinois Fighting Illini,Illinois Fighting Illini,IFI,,,,,,,,,,23,260,81.77,,75,305
2026,2026_0261_caleb_douglas,Caleb Douglas,WR,WR,Texas Tech Red Raiders,Texas Tech Red Raiders,TTRR,,,,,,,,,,45,261,81.72,,73,200
2026,2026_0262_patrick_payton,Patrick Payton,EDGE,EDGE,LSU Tigers,LSU Tigers,LT,,,,,,,,,,28,262,81.67,,77,250
2026,2026_0263_kaleb_elarms-orr,Kaleb Elarms-Orr,LB,LB,TCU,TCU,TCU,,,,,,,,,,21,263,81.40,,,
2026,2026_0264_elijah_pritchett,Elijah Pritchett,OT,OT,Nebraska Cornhuskers,Nebraska Cornhuskers,NC,,,,,,,,,,26,264,81.35,,78,315
2026,2026_0265_fernando_carmona,Fernando Carmona,IOL,IOL,Arkansas Razorbacks,Arkansas Razorbacks,AR,,,,,,,,,,25,265,81.52,,75,310
2026,2026_0266_logan_fano,Logan Fano,EDGE,EDGE,Utah Utes,Utah Utes,UU,,,,,,,,,,29,266,81.47,,76,260
2026,2026_0267_eric_gentry,Eric Gentry,LB,LB,USC Trojans,USC Trojans,UT,,,,,,,,,,22,267,81.42,,74,235
2026,2026_0268_justin_jefferson,Justin Jefferson,LB,LB,Alabama,Alabama,ALAB,,,,,,,,,,23,268,81.15,,,
2026,2026_0269_lance_mason,Lance Mason,TE,TE,Wisconsin,Wisconsin,WISC,,,,,,,,,,20,269,81.10,,,
2026,2026_0270_raion_strader,Raion Strader,CB,CB,Auburn Tigers,Auburn Tigers,AT,,,,,,,,,,31,270,81.05,,71,190
2026,2026_0271_mason_reiger,Mason Reiger,EDGE,EDGE,Wisconsin Badgers,Wisconsin Badgers,WB,,,,,,,,,,30,271,81.22,,76,260
2026,2026_0272_charles_demmings,Charles Demmings,CB,CB,Stephen F. Austin,Stephen F. Austin,SFA,,,,,,,,,,32,272,80.95,,,
2026,2026_0273_clay_patterson,Clay Patterson,DT,DT,Stanford,Stanford,STAN,,,,,,,,,,24,273,80.90,,,
2026,2026_0274_adam_randall,Adam Randall,RB,RB,Clemson Tigers,Clemson Tigers,CT,,,,,,,,,,18,274,81.07,,71,210
2026,2026_0275_xavier_nwankpa,Xavier Nwankpa,S,S,Iowa Hawkeyes,Iowa Hawkeyes,IH,,,,,,,,,,18,275,81.02,,74,205
2026,2026_0276_jordan_van_den_berg,Jordan van den Berg,DT,DT,Georgia Tech,Georgia Tech,GT,,,,,,,,,,25,276,80.75,,,
2026,2026_0277_brent_austin,Brent Austin,CB,CB,California,California,CALI,,,,,,,,,,33,277,80.70,,,
2026,2026_0278_peyton_bowen,Peyton Bowen,S,S,Oklahoma Sooners,Oklahoma Sooners,OS,,,,,,,,,,19,278,80.65,,72,205
2026,2026_0279_wesley_williams,Wesley Williams,DT,DT,Duke,Duke,DUKE,,,,,,,,,,26,279,80.60,,,
2026,2026_0280_will_kacmarek,Will Kacmarek,TE,TE,Ohio State,Ohio State,OS,,,,,,,,,,21,280,80.55,,,
2026,2026_0281_jack_kelly,Jack Kelly,LB,LB,BYU,BYU,BYU,,,,,,,,,,24,281,80.50,,,
2026,2026_0282_chris_adams,Chris Adams,IOL,IOL,Memphis,Memphis,MEMP,,,,,,,,,,26,282,80.45,,,
2026,2026_0283_jaydn_ott,Jaydn Ott,RB,RB,Oklahoma Sooners,Oklahoma Sooners,OS,,,,,,,,,,19,283,80.62,,72,205
2026,2026_0284_jeadyn_lukus,Jeadyn Lukus,CB,CB,Clemson Tigers,Clemson Tigers,CT,,,,,,,,,,34,284,80.57,,71,190
2026,2026_0285_deshon_singleton,DeShon Singleton,S,S,Nebraska,Nebraska,NEBR,,,,,,,,,,20,285,80.30,,,
2026,2026_0286_riley_mahlman,Riley Mahlman,OT,OT,Wisconsin Badgers,Wisconsin Badgers,WB,,,,,,,,,,27,286,80.47,,78,315
2026,2026_0287_anez_cooper,Anez Cooper,IOL,IOL,Miami (FL),Miami (FL),M(,,,,,,,,,,27,287,80.20,,,
2026,2026_0288_ceyair_wright,Ceyair Wright,CB,CB,Nebraska Cornhuskers,Nebraska Cornhuskers,NC,,,,,,,,,,35,288,80.37,,71,190
2026,2026_0289_cole_brevard,Cole Brevard,DT,DT,Texas Longhorns,Texas Longhorns,TL,,,,,,,,,,27,289,80.32,,75,305
2026,2026_0290_preston_hodge,Preston Hodge,CB,CB,Colorado,Colorado,COLO,,,,,,,,,,36,290,80.05,,,
2026,2026_0291_kobe_baynes,Kobe Baynes,IOL,IOL,Kansas Jayhawks,Kansas Jayhawks,KJ,,,,,,,,,,28,291,80.22,,75,310
2026,2026_0292_nyjalik_kelly,Nyjalik Kelly,EDGE,EDGE,UCF,UCF,UCF,,,,,,,,,,31,292,79.95,,,
2026,2026_0293_eric_oneill,Eric O'Neill,EDGE,EDGE,Rutgers Scarlet Knights,Rutgers Scarlet Knights,RSK,,,,,,,,,,32,293,80.12,,76,260
2026,2026_0294_landon_robinson,Landon Robinson,DT,DT,Navy Midshipmen,Navy Midshipmen,NM,,,,,,,,,,28,294,80.07,,75,305
2026,2026_0295_namdi_obiazor,Namdi Obiazor,LB,LB,TCU,TCU,TCU,,,,,,,,,,25,295,79.80,,,
2026,2026_0296_jam_miller,Jam Miller,RB,RB,Alabama Crimson Tide,Alabama Crimson Tide,ACT,,,,,,,,,,20,296,79.75,,71,210
2026,2026_0297_jalen_huskey,Jalen Huskey,S,S,Maryland Terrapins,Maryland Terrapins,MT,,,,,,,,,,21,297,79.92,,72,205
2026,2026_0298_skyler_thomas,Skyler Thomas,S,S,Oregon State,Oregon State,OS,,,,,,,,,,22,298,79.65,,,
2026,2026_0299_daniel_harris,Daniel Harris,CB,CB,Georgia Bulldogs,Georgia Bulldogs,GB,,,,,,,,,,37,299,79.60,,71,190
2026,2026_0300_fred_davis_ii,Fred Davis II,CB,CB,Northwestern,Northwestern,NORT,,,,,,,,,,38,300,79.55,,,
2026,2026_0301_noah_whittington,Noah Whittington,RB,RB,Oregon Ducks,Oregon Ducks,OD,,,,,,,,,,21,301,79.72,,71,210
2026,2026_0302_bryson_eason,Bryson Eason,DT,DT,Tennessee,Tennessee,TENN,,,,,,,,,,29,302,79.45,,,
2026,2026_0303_jalen_catalon,Jalen Catalon,S,S,Missouri Tigers,Missouri Tigers,MT,,,,,,,,,,23,303,79.62,,72,205
2026,2026_0304_cameron_ball,Cameron Ball,DT,DT,Arkansas Razorbacks,Arkansas Razorbacks,AR,,,,,,,,,,30,304,79.57,,75,305
2026,2026_0305_devin_voisin,Devin Voisin,WR,WR,South Alabama,South Alabama,SA,,,,,,,,,,46,305,79.30,,,
2026,2026_0306_cian_slone,Cian Slone,EDGE,EDGE,NC State,NC State,NS,,,,,,,,,,33,306,79.25,,,
2026,2026_0307_micah_morris,Micah Morris,IOL,IOL,Georgia Bulldogs,Georgia Bulldogs,GB,,,,,,,,,,29,307,79.42,,75,310
2026,2026_0308_david_gusta,David Gusta,DT,DT,Kentucky,Kentucky,KENT,,,,,,,,,,31,308,79.15,,,
2026,2026_0309_george_gumbs_jr,George Gumbs Jr.,EDGE,EDGE,Florida Gators,Florida Gators,FG,,,,,,,,,,34,309,79.32,,76,260
2026,2026_0310_barion_brown,Barion Brown,WR,WR,LSU Tigers,LSU Tigers,LT,,,,,,,,,,47,310,79.27,,73,185
2026,2026_0311_desmond_reid,Desmond Reid,RB,RB,Pittsburgh Panthers,Pittsburgh Panthers,PP,,,,,,,,,,22,311,79.22,,71,210
2026,2026_0312_max_bredeson,Max Bredeson,RB,RB,Michigan,Michigan,MICH,,,,,,,,,,23,312,78.95,,,
2026,2026_0313_connor_tollison,Connor Tollison,IOL,IOL,Missouri Tigers,Missouri Tigers,MT,,,,,,,,,,30,313,79.12,,77,312
2026,2026_0314_bakyne_coly,Bakyne Coly,OT,OT,Purdue,Purdue,PURD,,,,,,,,,,28,314,78.85,,,
2026,2026_0315_rj_maryland,R.J. Maryland,TE,TE,SMU Mustangs,SMU Mustangs,SM,,,,,,,,,,22,315,79.02,,76,240
2026,2026_0316_dj_harvey,DJ Harvey,CB,CB,USC Trojans,USC Trojans,UT,,,,,,,,,,39,316,78.97,,71,190
2026,2026_0317_miles_kitselman,Miles Kitselman,TE,TE,Tennessee Volunteers,Tennessee Volunteers,TV,,,,,,,,,,23,317,78.92,,77,250
2026,2026_0318_scooby_williams,Scooby Williams,LB,LB,Texas A&M Aggies,Texas A&M Aggies,TAA,,,,,,,,,,26,318,78.87,,74,235
2026,2026_0319_travis_burke,Travis Burke,OT,OT,Memphis,Memphis,MEMP,,,,,,,,,,29,319,78.60,,,
2026,2026_0320_hank_beatty,Hank Beatty,WR,WR,Illinois Fighting Illini,Illinois Fighting Illini,IFI,,,,,,,,,,48,320,78.77,,73,200
2026,2026_0321_romello_brinson,Romello Brinson,WR,WR,SMU,SMU,SMU,,,,,,,,,,49,321,78.50,,,
2026,2026_0322_nolan_rucci,Nolan Rucci,OT,OT,Penn State Nittany Lions,Penn State Nittany Lions,PSNL,,,,,,,,,,30,322,78.67,,80,317
2026,2026_0323_brandon_cleveland,Brandon Cleveland,DT,DT,North Carolina State Wolfpack,North Carolina State Wolfpack,NCSW,,,,,,,,,,32,323,78.62,,75,305
2026,2026_0324_kendal_daniels,Kendal Daniels,S,S,Oklahoma Sooners,Oklahoma Sooners,OS,,,,,,,,,,24,324,78.57,,72,205
2026,2026_0325_devan_boykin,Devan Boykin,S,S,Indiana,Indiana,INDI,,,,,,,,,,25,325,78.30,,,
2026,2026_0326_isaiah_nwokobia,Isaiah Nwokobia,S,S,SMU Mustangs,SMU Mustangs,SM,,,,,,,,,,26,326,78.47,,72,205
2026,2026_0327_tristan_leigh,Tristan Leigh,OT,OT,Clemson Tigers,Clemson Tigers,CT,,,,,,,,,,31,327,78.42,,78,315
2026,2026_0328_mel_brown,Mel Brown,RB,RB,Connecticut Huskies,Connecticut Huskies,CH,,,,,,,,,,24,328,78.15,,71,210
2026,2026_0329_wydett_williams_jr,Wydett Williams Jr.,S,S,Mississippi,Mississippi,MISS,,,,,,,,,,27,329,78.10,,,
2026,2026_0330_jimmy_rolder,Jimmy Rolder,LB,LB,Michigan,Michigan,MICH,,,,,,,,,,27,330,78.05,,,
2026,2026_0331_noah_thomas,Noah Thomas,WR,WR,Georgia Bulldogs,Georgia Bulldogs,GB,,,,,,,,,,50,331,78.22,,73,200
2026,2026_0332_joey_aguilar,Joey Aguilar,QB,QB,Tennessee,Tennessee,TENN,,,,,,,,,,15,332,77.95,,,
2026,2026_0333_chip_trayanum,Chip Trayanum,RB,RB,Toledo Rockets,Toledo Rockets,TR,,,,,,,,,,25,333,78.12,,71,210
2026,2026_0334_diego_pounds,Diego Pounds,OT,OT,Mississippi Rebels,Mississippi Rebels,MR,,,,,,,,,,32,334,78.07,,78,315
2026,2026_0335_jeff_persi,Jeff Persi,OT,OT,Pittsburgh Panthers,Pittsburgh Panthers,PP,,,,,,,,,,33,335,77.80,,78,315
2026,2026_0336_alzillion_hamilton,Al'zillion Hamilton,CB,CB,Fresno State,Fresno State,FS,,,,,,,,,,40,336,77.75,,,
2026,2026_0337_owen_heinecke,Owen Heinecke,LB,LB,Oklahoma Sooners,Oklahoma Sooners,OS,,,,,,,,,,28,337,77.92,,74,235
2026,2026_0338_seydou_traore,Seydou Traore,TE,TE,Mississippi State Bulldogs,Mississippi State Bulldogs,MSB,,,,,,,,,,24,338,77.87,,77,250
2026,2026_0339_josh_moten,Josh Moten,CB,CB,Southern Miss Golden Eagles,Southern Miss Golden Eagles,SMGE,,,,,,,,,,41,339,77.82,,71,190
2026,2026_0340_jeffrey_mba,Jeffrey M'ba,DT,DT,SMU,SMU,SMU,,,,,,,,,,33,340,77.55,,,
2026,2026_0341_jaden_dugger,Jaden Dugger,LB,LB,Louisiana Ragin' Cajuns,Louisiana Ragin' Cajuns,LRC,,,,,,,,,,29,341,77.72,,74,235
2026,2026_0342_joe_fagnano,Joe Fagnano,QB,QB,Connecticut Huskies,Connecticut Huskies,CH,,,,,,,,,,16,342,77.67,,76,220
2026,2026_0343_nikai_martinez,Nikai Martinez,S,S,Michigan State Spartans,Michigan State Spartans,MSS,,,,,,,,,,28,343,77.40,,72,205
2026,2026_0344_behren_morton,Behren Morton,QB,QB,Texas Tech Red Raiders,Texas Tech Red Raiders,TTRR,,,,,,,,,,17,344,77.57,,76,220
2026,2026_0345_jeremiah_franklin,Jeremiah Franklin,TE,TE,Boston College Eagles,Boston College Eagles,BCE,,,,,,,,,,25,345,77.30,,77,250
2026,2026_0346_jordan_hudson,Jordan Hudson,WR,WR,SMU,SMU,SMU,,,,,,,,,,51,346,77.25,,,
2026,2026_0347_austin_brown,Austin Brown,S,S,Wisconsin Badgers,Wisconsin Badgers,WB,,,,,,,,,,29,347,77.42,,72,205
2026,2026_0348_caullin_lacy,Caullin Lacy,WR,WR,Louisville Cardinals,Louisville Cardinals,LC,,,,,,,,,,52,348,77.37,,73,200
2026,2026_0349_keyshawn_james-newby,Keyshawn James-Newby,EDGE,EDGE,New Mexico Lobos,New Mexico Lobos,NML,,,,,,,,,,35,349,77.32,,76,260
2026,2026_0350_jalen_mcmurray,Jalen McMurray,CB,CB,Tennessee,Tennessee,TENN,,,,,,,,,,42,350,77.05,,,
2026,2026_0351_lake_mcree,Lake McRee,TE,TE,USC Trojans,USC Trojans,UT,,,,,,,,,,26,351,77.22,,77,250
2026,2026_0352_stephen_hall,Stephen Hall,CB,CB,Missouri Tigers,Missouri Tigers,MT,,,,,,,,,,43,352,76.95,,71,190
2026,2026_0353_ethan_onianwa,Ethan Onianwa,IOL,IOL,Ohio State Buckeyes,Ohio State Buckeyes,OSB,,,,,,,,,,31,353,77.12,,75,310
2026,2026_0354_dan_villari,Dan Villari,TE,TE,Syracuse,Syracuse,SYRA,,,,,,,,,,27,354,76.85,,,
2026,2026_0355_keeshawn_silver,Keeshawn Silver,DT,DT,USC Trojans,USC Trojans,UT,,,,,,,,,,34,355,77.02,,76,336
2026,2026_0356_diego_pavia,Diego Pavia,QB,QB,Vanderbilt Commodores,Vanderbilt Commodores,VC,,,,,,,,,,18,356,76.97,,76,220
2026,2026_0357_grayson_james,Grayson James,QB,QB,Boston College Eagles,Boston College Eagles,BCE,,,,,,,,,,19,357,76.70,,76,220
2026,2026_0358_logan_diggs,Logan Diggs,RB,RB,Mississippi Rebels,Mississippi Rebels,MR,,,,,,,,,,26,358,76.65,,71,210
2026,2026_0359_marcus_allen,Marcus Allen,CB,CB,North Carolina,North Carolina,NC,,,,,,,,,,44,359,76.60,,,
2026,2026_0360_wesley_bissainthe,Wesley Bissainthe,LB,LB,Miami (FL) Hurricanes,Miami (FL) Hurricanes,M(H,,,,,,,,,,30,360,76.77,,74,235
2026,2026_0361_caden_barnett,Caden Barnett,IOL,IOL,Wyoming Cowboys,Wyoming Cowboys,WC,,,,,,,,,,32,361,76.72,,75,310
2026,2026_0362_carsen_ryan,Carsen Ryan,TE,TE,BYU Cougars,BYU Cougars,BC,,,,,,,,,,28,362,76.67,,77,250
2026,2026_0363_jamal_haynes,Jamal Haynes,RB,RB,Georgia Tech Yellow Jackets,Georgia Tech Yellow Jackets,GTYJ,,,,,,,,,,27,363,76.62,,71,210
2026,2026_0364_james_neal,James Neal,IOL,IOL,Iowa State,Iowa State,IS,,,,,,,,,,33,364,76.35,,,
2026,2026_0365_gary_smith_iii,Gary Smith III,DT,DT,UCLA Bruins,UCLA Bruins,UB,,,,,,,,,,35,365,76.52,,75,305
2026,2026_0366_jaren_kump,Jaren Kump,IOL,IOL,Utah Utes,Utah Utes,UU,,,,,,,,,,34,366,76.25,,75,310
2026,2026_0367_ahmari_harvey,Ahmari Harvey,CB,CB,Georgia Tech,Georgia Tech,GT,,,,,,,,,,45,367,76.20,,,
2026,2026_0368_tre_smith,Tre Smith,EDGE,EDGE,Arizona Wildcats,Arizona Wildcats,AW,,,,,,,,,,36,368,76.15,,76,260
2026,2026_0369_caden_fordham,Caden Fordham,LB,LB,NC State,NC State,NS,,,,,,,,,,31,369,76.10,,,
2026,2026_0370_giovanni_el-hadi,Giovanni El-Hadi,IOL,IOL,Michigan,Michigan,MICH,,,,,,,,,,35,370,76.05,,,
2026,2026_0371_walker_eget,Walker Eget,QB,QB,San Jose State Spartans,San Jose State Spartans,SJSS,,,,,,,,,,20,371,76.00,,76,220
2026,2026_0372_donavon_greene,Donavon Greene,WR,WR,Virginia Tech Hokies,Virginia Tech Hokies,VTH,,,,,,,,,,53,372,75.95,,73,200
2026,2026_0373_malik_benson,Malik Benson,WR,WR,Oregon,Oregon,OREG,,,,,,,,,,54,373,75.90,,,
2026,2026_0374_athan_kaliakmanis,Athan Kaliakmanis,QB,QB,Rutgers Scarlet Knights,Rutgers Scarlet Knights,RSK,,,,,,,,,,21,374,76.07,,76,220
2026,2026_0375_anthony_smith,Anthony Smith,WR,WR,East Carolina Pirates,East Carolina Pirates,ECP,,,,,,,,,,55,375,75.80,,73,200
2026,2026_0376_west_weeks,West Weeks,LB,LB,LSU,LSU,LSU,,,,,,,,,,32,376,75.75,,,
2026,2026_0377_joshua_braun,Joshua Braun,IOL,IOL,Kentucky Wildcats,Kentucky Wildcats,KW,,,,,,,,,,36,377,75.92,,75,310
2026,2026_0378_aidan_hubbard,Aidan Hubbard,EDGE,EDGE,Northwestern,Northwestern,NORT,,,,,,,,,,37,378,75.65,,,
2026,2026_0379_rahsul_faison,Rahsul Faison,RB,RB,South Carolina Gamecocks,South Carolina Gamecocks,SCG,,,,,,,,,,28,379,75.82,,71,210
2026,2026_0380_jaylon_guilbeau,Jaylon Guilbeau,CB,CB,Texas Longhorns,Texas Longhorns,TL,,,,,,,,,,46,380,75.77,,71,190
2026,2026_0381_karson_sharar,Karson Sharar,LB,LB,Iowa,Iowa,IOWA,,,,,,,,,,33,381,75.50,,,
2026,2026_0382_terion_stewart,Terion Stewart,RB,RB,Virginia Tech Hokies,Virginia Tech Hokies,VTH,,,,,,,,,,29,382,75.67,,71,210
2026,2026_0383_kolbey_taylor,Kolbey Taylor,CB,CB,Vanderbilt,Vanderbilt,VAND,,,,,,,,,,47,383,75.40,,,
2026,2026_0384_dillon_bell,Dillon Bell,WR,WR,Georgia Bulldogs,Georgia Bulldogs,GB,,,,,,,,,,56,384,75.57,,73,200
2026,2026_0385_dashawn_jones,DaShawn Jones,CB,CB,Alabama Crimson Tide,Alabama Crimson Tide,ACT,,,,,,,,,,48,385,75.30,,71,190
2026,2026_0386_michael_heldman,Michael Heldman,EDGE,EDGE,Central Michigan,Central Michigan,CM,,,,,,,,,,38,386,75.25,,,
2026,2026_0387_declan_williams,Declan Williams,LB,LB,Incarnate Word,Incarnate Word,IW,,,,,,,,,,34,387,75.20,,,
2026,2026_0388_al-jay_henderson,Al-Jay Henderson,RB,RB,Buffalo Bulls,Buffalo Bulls,BB,,,,,,,,,,30,388,75.15,,71,210
2026,2026_0389_dq_smith,D.Q. Smith,S,S,South Carolina Gamecocks,South Carolina Gamecocks,SCG,,,,,,,,,,30,389,75.32,,72,205
2026,2026_0390_bauer_sharp,Bauer Sharp,TE,TE,LSU Tigers,LSU Tigers,LT,,,,,,,,,,29,390,75.27,,77,250
2026,2026_0391_chris_hilton_jr,Chris Hilton Jr.,WR,WR,LSU Tigers,LSU Tigers,LT,,,,,,,,,,57,391,75.00,,73,200
2026,2026_0392_dillon_wade,Dillon Wade,IOL,IOL,Auburn Tigers,Auburn Tigers,AT,,,,,,,,,,37,392,75.17,,75,310
2026,2026_0393_jarod_washington,Jarod Washington,CB,CB,South Carolina State,South Carolina State,SCS,,,,,,,,,,49,393,74.90,,,
2026,2026_0394_ryan_baer,Ryan Baer,OT,OT,Pittsburgh Panthers,Pittsburgh Panthers,PP,,,,,,,,,,34,394,74.85,,78,315
2026,2026_0395_jackson_kuwatch,Jackson Kuwatch,EDGE,EDGE,Miami (OH),Miami (OH),M(,,,,,,,,,,39,395,74.80,,,
2026,2026_0396_jerry_wilson,Jerry Wilson,CB,CB,Florida State Seminoles,Florida State Seminoles,FSS,,,,,,,,,,50,396,74.97,,71,190
2026,2026_0397_mason_randolph,Mason Randolph,IOL,IOL,Boise State Broncos,Boise State Broncos,BSB,,,,,,,,,,38,397,74.70,,75,310
2026,2026_0398_david_blay,David Blay,DT,DT,Miami (FL),Miami (FL),M(,,,,,,,,,,36,398,74.65,,,
2026,2026_0399_dean_miller,Dean Miller,EDGE,EDGE,Kansas Jayhawks,Kansas Jayhawks,KJ,,,,,,,,,,40,399,74.60,,76,260
2026,2026_0400_tomas_rimac,Tomas Rimac,IOL,IOL,Virginia Tech Hokies,Virginia Tech Hokies,VTH,,,,,,,,,,39,400,74.77,,75,310
2026,2026_0401_gunner_maldonado,Gunner Maldonado,S,S,Kansas State Wildcats,Kansas State Wildcats,KSW,,,,,,,,,,31,401,74.50,,72,205
2026,2026_0402_kentrel_bullock,Kentrel Bullock,RB,RB,South Alabama,South Alabama,SA,,,,,,,,,,31,402,74.45,,,
2026,2026_0403_cj_donaldson,C.J. Donaldson,RB,RB,Ohio State Buckeyes,Ohio State Buckeyes,OSB,,,,,,,,,,32,403,74.62,,71,210
2026,2026_0404_jack_pyburn,Jack Pyburn,EDGE,EDGE,LSU Tigers,LSU Tigers,LT,,,,,,,,,,41,404,74.57,,76,260
2026,2026_0405_miller_moss,Miller Moss,QB,QB,Louisville Cardinals,Louisville Cardinals,LC,,,,,,,,,,22,405,74.52,,73,205
2026,2026_0406_michael_wortham,Michael Wortham,WR,WR,Montana,Montana,MONT,,,,,,,,,,58,406,74.25,,,
2026,2026_0407_jaren_kanak,Jaren Kanak,TE,TE,Oklahoma Sooners,Oklahoma Sooners,OS,,,,,,,,,,30,407,74.42,,77,250
2026,2026_0408_joe_cooper,Joe Cooper,OT,OT,Slippery Rock,Slippery Rock,SR,,,,,,,,,,35,408,74.15,,,
2026,2026_0409_mo_westmoreland,Mo Westmoreland,EDGE,EDGE,Tulane Green Wave,Tulane Green Wave,TGW,,,,,,,,,,42,409,74.10,,76,260
2026,2026_0410_amari_jackson,Amari Jackson,CB,CB,Boston College Eagles,Boston College Eagles,BCE,,,,,,,,,,51,410,74.05,,71,190
2026,2026_0411_evan_beerntsen,Evan Beerntsen,IOL,IOL,Northwestern,Northwestern,NORT,,,,,,,,,,40,411,74.00,,,
2026,2026_0412_colbie_young,Colbie Young,WR,WR,Georgia Bulldogs,Georgia Bulldogs,GB,,,,,,,,,,59,412,74.17,,73,200
2026,2026_0413_squirrel_white,Squirrel White,WR,WR,Florida State Seminoles,Florida State Seminoles,FSS,,,,,,,,,,60,413,74.12,,73,200
2026,2026_0414_logan_taylor,Logan Taylor,IOL,IOL,Boston College,Boston College,BC,,,,,,,,,,41,414,73.85,,,
2026,2026_0415_maverick_mcivor,Maverick McIvor,QB,QB,Western Kentucky Hilltoppers,Western Kentucky Hilltoppers,WKH,,,,,,,,,,23,415,73.80,,76,220
2026,2026_0416_collin_wright,Collin Wright,CB,CB,Stanford,Stanford,STAN,,,,,,,,,,52,416,73.75,,,
2026,2026_0417_damonic_williams,Damonic Williams,DT,DT,Oklahoma Sooners,Oklahoma Sooners,OS,,,,,,,,,,37,417,73.92,,75,305
2026,2026_0418_devin_mockobee,Devin Mockobee,RB,RB,Purdue Boilermakers,Purdue Boilermakers,PB,,,,,,,,,,33,418,73.65,,71,210
2026,2026_0419_tyreek_chappell,Tyreek Chappell,CB,CB,Texas A&M Aggies,Texas A&M Aggies,TAA,,,,,,,,,,53,419,73.82,,71,190
2026,2026_0420_bryce_foster,Bryce Foster,IOL,IOL,Kansas Jayhawks,Kansas Jayhawks,KJ,,,,,,,,,,42,420,73.77,,77,320
2026,2026_0421_devonte_ross,Devonte Ross,WR,WR,Penn State Nittany Lions,Penn State Nittany Lions,PSNL,,,,,,,,,,61,421,73.50,,73,200
2026,2026_0422_trebor_pena,Trebor Pena,WR,WR,Penn State Nittany Lions,Penn State Nittany Lions,PSNL,,,,,,,,,,62,422,73.67,,73,200
2026,2026_0423_harrison_wallace_iii,Harrison Wallace III,WR,WR,Mississippi Rebels,Mississippi Rebels,MR,,,,,,,,,,63,423,73.62,,73,200
2026,2026_0424_jakari_foster,Jakari Foster,S,S,Louisiana Tech,Louisiana Tech,LT,,,,,,,,,,32,424,73.35,,,
2026,2026_0425_jimmori_robinson,Jimmori Robinson,EDGE,EDGE,West Virginia Mountaineers,West Virginia Mountaineers,WVM,,,,,,,,,,43,425,73.30,,76,260
2026,2026_0426_rohan_jones,Rohan Jones,TE,TE,Arkansas Razorbacks,Arkansas Razorbacks,AR,,,,,,,,,,31,426,73.25,,77,250
2026,2026_0427_jake_retzlaff,Jake Retzlaff,QB,QB,Tulane Green Wave,Tulane Green Wave,TGW,,,,,,,,,,24,427,73.42,,76,220
2026,2026_0428_dean_connors,Dean Connors,RB,RB,Houston Cougars,Houston Cougars,HC,,,,,,,,,,34,428,73.37,,71,210
2026,2026_0429_daniel_king,Daniel King,IOL,IOL,North Carolina Tar Heels,North Carolina Tar Heels,NCTH,,,,,,,,,,43,429,73.10,,75,310
2026,2026_0430_emmanuel_henderson,Emmanuel Henderson,WR,WR,Kansas,Kansas,KANS,,,,,,,,,,64,430,73.05,,,
2026,2026_0431_aaron_parks,Aaron Parks,IOL,IOL,Indiana,Indiana,INDI,,,,,,,,,,44,431,73.00,,76,310
2026,2026_0432_addison_nichols,Addison Nichols,IOL,IOL,Arkansas,Arkansas,ARKA,,,,,,,,,,45,432,72.95,,77,320
2026,2026_0433_brady_latham,Brady Latham,IOL,IOL,Arkansas,Arkansas,ARKA,,,,,,,,,,46,433,72.90,,78,316
2026,2026_0434_bryce_lovett,Bryce Lovett,IOL,IOL,NC State,NC State,NS,,,,,,,,,,47,434,72.85,,77,331
2026,2026_0435_cj_baxter,C.J. Baxter,RB,RB,Texas,Texas,TEXA,,,,,,,,,,35,435,72.80,,73,230
2026,2026_0436_cj_satterwhite,C.J. Satterwhite,IOL,IOL,Clemson,Clemson,CLEM,,,,,,,,,,48,436,72.75,,76,315
2026,2026_0437_caden_durham,Caden Durham,RB,RB,LSU,LSU,LSU,,,,,,,,,,36,437,72.70,,69,210
2026,2026_0438_caden_proctor,Caden Proctor,OT,OT,Alabama,Alabama,ALAB,,,,,,,,,,36,438,72.65,,79,360
2026,2026_0439_cayden_green,Cayden Green,IOL,IOL,Missouri,Missouri,MISS,,,,,,,,,,49,439,72.60,,77,320
2026,2026_0440_colin_nova,Colin Nova,IOL,IOL,NC State,NC State,NS,,,,,,,,,,50,440,72.55,,75,302
2026,2026_0441_conner_weigman,Conner Weigman,QB,QB,Houston,Houston,HOUS,,,,,,,,,,25,441,72.50,,75,225
2026,2026_0442_dj_mckinney,DJ McKinney,CB,CB,Colorado,Colorado,COLO,,,,,,,,,,54,442,72.45,,74,180
2026,2026_0443_daniel_calhoun,Daniel Calhoun,OT,OT,Texas,Texas,TEXA,,,,,,,,,,37,443,72.40,,78,310
2026,2026_0444_dante_moore,Dante Moore,QB,QB,Oregon,Oregon,OREG,,,,,,,,,,26,444,72.35,,75,210
2026,2026_0445_darius_taylor,Darius Taylor,RB,RB,Minnesota,Minnesota,MINN,,,,,,,,,,37,445,72.30,,73,215
2026,2026_0446_dorian_brew,Dorian Brew,CB,CB,Oregon,Oregon,OREG,,,,,,,,,,55,446,72.25,,73,190
2026,2026_0447_eli_holstein,Eli Holstein,QB,QB,Pittsburgh,Pittsburgh,PITT,,,,,,,,,,27,447,72.20,,76,225
2026,2026_0448_elija_lofton,Elija Lofton,TE,TE,Miami (FL),Miami (FL),M(,,,,,,,,,,32,448,72.15,,75,230
2026,2026_0449_eric_singleton_jr,Eric Singleton Jr.,WR,WR,Auburn,Auburn,AUBU,,,,,,,,,,65,449,72.10,,71,180
2026,2026_0450_eugene_asante,Eugene Asante,LB,LB,Auburn,Auburn,AUBU,,,,,,,,,,35,450,72.05,,72,223
2026,2026_0451_eugene_brooks_iii,Eugene Brooks III,IOL,IOL,Oklahoma,Oklahoma,OKLA,,,,,,,,,,51,451,72.00,,76,325
2026,2026_0452_evan_link,Evan Link,OT,OT,Michigan,Michigan,MICH,,,,,,,,,,38,452,71.95,,78,328
2026,2026_0453_evan_stewart,Evan Stewart,WR,WR,Oregon,Oregon,OREG,,,,,,,,,,66,453,71.90,,72,175
2026,2026_0454_gunner_stockton,Gunner Stockton,QB,QB,Georgia,Georgia,GEOR,,,,,,,,,,28,454,71.85,,73,220
2026,2026_0455_hollin_pierce,Hollin Pierce,OT,OT,Rutgers,Rutgers,RUTG,,,,,,,,,,39,455,71.80,,80,344
2026,2026_0456_ivan_taylor_iii,Ivan Taylor III,IOL,IOL,Iowa,Iowa,IOWA,,,,,,,,,,52,456,71.75,,76,305
2026,2026_0457_jaden_rashada,Jaden Rashada,QB,QB,Sacramento State,Sacramento State,SS,,,,,,,,,,29,457,71.70,,76,215
2026,2026_0458_jalen_hale,Jalen Hale,WR,WR,Alabama,Alabama,ALAB,,,,,,,,,,67,458,71.65,,73,195
2026,2026_0459_jayden_loftin,Jayden Loftin,DT,DT,Georgia Tech,Georgia Tech,GT,,,,,,,,,,38,459,71.60,,77,295
2026,2026_0460_jeremiah_smith,Jeremiah Smith,WR,WR,Ohio State,Ohio State,OS,,,,,,,,,,68,460,71.55,,75,220
2026,2026_0461_jermayne_lole,Jermayne Lole,DT,DT,Louisville,Louisville,LOUI,,,,,,,,,,39,461,71.50,,75,310
2026,2026_0462_joe_brunner,Joe Brunner,IOL,IOL,Wisconsin,Wisconsin,WISC,,,,,,,,,,53,462,71.45,,78,325
2026,2026_0463_joe_crocker_jr,Joe Crocker Jr.,IOL,IOL,Auburn,Auburn,AUBU,,,,,,,,,,54,463,71.40,,78,320
2026,2026_0464_jordan_seaton,Jordan Seaton,OT,OT,Colorado,Colorado,COLO,,,,,,,,,,40,464,71.35,,77,285
2026,2026_0465_jordyn_bugg,Jordyn Bugg,DT,DT,LSU,LSU,LSU,,,,,,,,,,40,465,71.30,,74,295
2026,2026_0466_justice_boone,Justice Boone,RB,RB,Colorado,Colorado,COLO,,,,,,,,,,38,466,71.25,,70,205
2026,2026_0467_justice_haynes,Justice Haynes,RB,RB,Michigan,Michigan,MICH,,,,,,,,,,39,467,71.20,,71,210
2026,2026_0468_justin_flowe,Justin Flowe,LB,LB,Arizona,Arizona,ARIZ,,,,,,,,,,36,468,71.15,,74,220
2026,2026_0469_kaimon_rucker,Kaimon Rucker,EDGE,EDGE,North Carolina,North Carolina,NC,,,,,,,,,,44,469,71.10,,74,265
2026,2026_0470_kevon_odonnell,Kevon O'Donnell,OT,OT,Wake Forest,Wake Forest,WF,,,,,,,,,,41,470,71.05,,77,305
2026,2026_0471_kyle_altuner,Kyle Altuner,OT,OT,Iowa,Iowa,IOWA,,,,,,,,,,42,471,71.00,,80,329
2026,2026_0472_leo_delaney,Leo Delaney,OT,OT,Michigan,Michigan,MICH,,,,,,,,,,43,472,70.95,,78,309
2026,2026_0473_makhi_hughes,Makhi Hughes,RB,RB,Oregon,Oregon,OREG,,,,,,,,,,40,473,70.90,,71,214
2026,2026_0474_malachi_goodman,Malachi Goodman,IOL,IOL,Clemson,Clemson,CLEM,,,,,,,,,,55,474,70.85,,76,320
2026,2026_0475_quinten_joyner,Quinten Joyner,RB,RB,Texas Tech,Texas Tech,TT,,,,,,,,,,41,475,70.80,,71,210
2026,2026_0476_ryan_williams,Ryan Williams,WR,WR,Alabama,Alabama,ALAB,,,,,,,,,,69,476,70.75,,72,175
2026,2026_0477_sam_leavitt,Sam Leavitt,QB,QB,Arizona State,Arizona State,AS,,,,,,,,,,30,477,70.70,,74,195
2026,2026_0478_tj_searcy,T.J. Searcy,EDGE,EDGE,Texas A&M,Texas A&M,TA,,,,,,,,,,45,478,70.65,,77,270
2026,2026_0479_takye_heath,Takye Heath,CB,CB,Georgia Tech,Georgia Tech,GT,,,,,,,,,,56,479,70.60,,72,185
2026,2026_0480_tanner_miller,Tanner Miller,IOL,IOL,Michigan,Michigan,MICH,,,,,,,,,,56,480,70.55,,76,295
2026,2026_0481_timothy_mckay,Timothy McKay,IOL,IOL,NC State,NC State,NS,,,,,,,,,,57,481,70.50,,76,320
2026,2026_0482_tyler_mercer,Tyler Mercer,IOL,IOL,Louisville,Louisville,LOUI,,,,,,,,,,58,482,70.45,,74,326
2026,2026_0483_xavier_chaplin,Xavier Chaplin,OT,OT,Auburn,Auburn,AUBU,,,,,,,,,,44,483,70.40,,79,338
2026,2026_0484_kejon_owens,Kejon Owens,RB,RB,Florida International,Florida International,FI,,,,,,,,,,42,484,70.35,,,
2026,2026_0485_micah_pettus,Micah Pettus,OT,OT,Florida State Seminoles,Florida State Seminoles,FSS,,,,,,,,,,45,485,70.52,,78,315
2026,2026_0486_jackie_marshall,Jackie Marshall,EDGE,EDGE,Baylor Bears,Baylor Bears,BB,,,,,,,,,,46,486,70.47,,76,260
2026,2026_0487_kyron_drones,Kyron Drones,QB,QB,Virginia Tech Hokies,Virginia Tech Hokies,VTH,,,,,,,,,,31,487,70.42,,76,220
2026,2026_0488_jamarion_miller,Jamarion Miller,RB,RB,Alabama,Alabama,ALAB,,,,,,,,,,43,488,70.15,,,
2026,2026_0489_mark_gronowski,Mark Gronowski,QB,QB,Iowa Hawkeyes,Iowa Hawkeyes,IH,,,,,,,,,,32,489,70.32,,76,220
2026,2026_0490_elijah_rushing,Elijah Rushing,EDGE,EDGE,Oregon,Oregon,OREG,,,,,,,,,,47,490,70.05,,78,260
2026,2026_0491_josh_thompson,Josh Thompson,IOL,IOL,LSU Tigers,LSU Tigers,LT,,,,,,,,,,59,491,70.22,,75,310
2026,2026_0492_dalton_johnson,Dalton Johnson,S,S,Arizona,Arizona,ARIZ,,,,,,,,,,33,492,70.00,,,
2026,2026_0493_dominic_gooden,Dominic Gooden,DT,DT,Oklahoma,Oklahoma,OKLA,,,,,,,,,,41,493,70.00,,74,300
2026,2026_0494_garrett_digiorgio,Garrett DiGiorgio,IOL,IOL,UCLA Bruins,UCLA Bruins,UB,,,,,,,,,,60,494,70.07,,75,310
2026,2026_0495_myles_rowser,Myles Rowser,S,S,Arizona State,Arizona State,AS,,,,,,,,,,34,495,70.00,,,
2026,2026_0496_chris_hilton,Chris Hilton,WR,WR,LSU,LSU,LSU,,,,,,,,,,70,496,70.00,,,
2026,2026_0497_gabriel_brownlow-dindy,Gabriel Brownlow-Dindy,DT,DT,South Carolina,South Carolina,SC,,,,,,,,,,42,497,70.00,,75,310
2026,2026_0498_jayden_williams,Jayden Williams,OT,OT,Mississippi,Mississippi,MISS,,,,,,,,,,46,498,70.00,,,
2026,2026_0499_ben_bell,Ben Bell,EDGE,EDGE,Virginia Tech Hokies,Virginia Tech Hokies,VTH,,,,,,,,,,48,499,70.00,,76,260
2026,2026_0500_izavion_miller,Izavion Miller,IOL,IOL,Auburn Tigers,Auburn Tigers,AT,,,,,,,,,,61,500,70.00,,75,310
2026,2026_0501_davion_carter,Davion Carter,IOL,IOL,Texas Tech Red Raiders,Texas Tech Red Raiders,TTRR,,,,,,,,,,62,501,70.00,,75,310
2026,2026_0502_jack_velling,Jack Velling,TE,TE,Michigan State Spartans,Michigan State Spartans,MSS,,,,,,,,,,33,502,70.00,,77,250
2026,2026_0503_dontae_balfour,Dontae Balfour,CB,CB,Texas Tech,Texas Tech,TT,,,,,,,,,,57,503,70.00,,,
2026,2026_0504_luke_petitbon,Luke Petitbon,IOL,IOL,Florida State Seminoles,Florida State Seminoles,FSS,,,,,,,,,,63,504,70.00,,75,310
2026,2026_0505_aaron_hall,Aaron Hall,DT,DT,Duke,Duke,DUKE,,,,,,,,,,43,505,70.00,,,
2026,2026_0506_keelan_marion,Keelan Marion,WR,WR,Miami (FL),Miami (FL),M(,,,,,,,,,,71,506,70.00,,,
2026,2026_0507_cj_mims,CJ Mims,EDGE,EDGE,West Virginia,West Virginia,WV,,,,,,,,,,49,507,70.00,,75,264
2026,2026_0508_terry_webb,Terry Webb,DT,DT,SMU,SMU,SMU,,,,,,,,,,44,508,70.00,,,
2026,2026_0509_curtis_allen,Curtis Allen,RB,RB,Virginia Union,Virginia Union,VU,,,,,,,,,,44,509,70.00,,,
2026,2026_0510_darris_smith,Darris Smith,EDGE,EDGE,LSU,LSU,LSU,,,,,,,,,,50,510,70.00,,78,245
2026,2026_0511_aaron_graves,Aaron Graves,DT,DT,Iowa,Iowa,IOWA,,,,,,,,,,45,511,70.00,,,
2026,2026_0512_blake_cotton,Blake Cotton,CB,CB,Utah,Utah,UTAH,,,,,,,,,,58,512,70.00,,,
2026,2026_0513_xavier_mcleod,Xavier McLeod,DT,DT,Georgia,Georgia,GEOR,,,,,,,,,,46,513,70.00,,76,320
2026,2026_0514_avery_smith,Avery Smith,CB,CB,Toledo Rockets,Toledo Rockets,TR,,,,,,,,,,59,514,70.00,,71,190
2026,2026_0515_domata_peko_jr,Domata Peko Jr.,DT,DT,UCLA,UCLA,UCLA,,,,,,,,,,47,515,70.00,,75,325
2026,2026_0516_jeremiah_alexander,Jeremiah Alexander,EDGE,EDGE,Alabama,Alabama,ALAB,,,,,,,,,,51,516,70.00,,74,246
2026,2026_0517_tanner_arkin,Tanner Arkin,TE,TE,Illinois Fighting Illini,Illinois Fighting Illini,IFI,,,,,,,,,,34,517,70.00,,77,250
2026,2026_0518_aaron_bryant,Aaron Bryant,DT,DT,Texas,Texas,TEXA,,,,,,,,,,48,518,70.00,,77,290
2026,2026_0519_ahmaad_moses,Ahmaad Moses,S,S,SMU Mustangs,SMU Mustangs,SM,,,,,,,,,,35,519,70.00,,72,205
2026,2026_0520_jacob_thomas,Jacob Thomas,S,S,James Madison,James Madison,JM,,,,,,,,,,36,520,70.00,,,
2026,2026_0521_joel_starlings,Joel Starlings,DT,DT,South Carolina,South Carolina,SC,,,,,,,,,,49,521,70.00,,76,320
2026,2026_0522_jmichael_sturdivant,J.Michael Sturdivant,WR,WR,Florida,Florida,FLOR,,,,,,,,,,72,522,70.00,,,
2026,2026_0523_tre_williams,Tre Williams,DT,DT,Clemson,Clemson,CLEM,,,,,,,,,,50,523,70.00,,74,290
2026,2026_0524_khalil_dinkins,Khalil Dinkins,TE,TE,Penn State,Penn State,PS,,,,,,,,,,35,524,70.00,,,
2026,2026_0525_nyckoles_harbor,Nyckoles Harbor,EDGE,EDGE,South Carolina,South Carolina,SC,,,,,,,,,,52,525,70.00,,77,243
2026,2026_0526_kaena_decambra,Ka'ena Decambra,IOL,IOL,Arizona,Arizona,ARIZ,,,,,,,,,,64,526,70.00,,,
2026,2026_0527_bryan_thomas_jr,Bryan Thomas Jr.,EDGE,EDGE,South Carolina,South Carolina,SC,,,,,,,,,,53,527,70.00,,,
2026,2026_0528_devyn_bobby,Devyn Bobby,S,S,Notre Dame,Notre Dame,ND,,,,,,,,,,37,528,70.00,,73,200
2026,2026_0529_reuben_unije,Reuben Unije,OT,OT,UCLA,UCLA,UCLA,,,,,,,,,,47,529,70.00,,,
2026,2026_0530_alan_herron,Alan Herron,IOL,IOL,Maryland,Maryland,MARY,,,,,,,,,,65,530,70.00,,,
2026,2026_0531_jalyn_phillips,Jalyn Phillips,S,S,Georgia,Georgia,GEOR,,,,,,,,,,38,531,70.00,,74,211
2026,2026_0532_delby_lemieux,Delby Lemieux,IOL,IOL,Dartmouth,Dartmouth,DART,,,,,,,,,,66,532,70.00,,,
2026,2026_0533_winston_berglund,Winston Berglund,S,S,Oregon State,Oregon State,OS,,,,,,,,,,39,533,70.00,,71,207
2026,2026_0534_isaac_smith,Isaac Smith,S,S,Mississippi State,Mississippi State,MS,,,,,,,,,,40,534,70.00,,72,208
2026,2026_0535_kalil_alexander,Kalil Alexander,EDGE,EDGE,Texas State,Texas State,TS,,,,,,,,,,54,535,70.00,,,
2026,2026_0536_dakaari_nelson,Dakaari Nelson,S,S,Penn State,Penn State,PS,,,,,,,,,,41,536,70.00,,75,210
2026,2026_0537_keon_sabb,Keon Sabb,S,S,Alabama,Alabama,ALAB,,,,,,,,,,42,537,70.00,,73,208
2026,2026_0538_jaylen_mbakwe,Jaylen Mbakwe,S,S,Alabama,Alabama,ALAB,,,,,,,,,,43,538,70.00,,71,198
2026,2026_0539_branson_combs,Branson Combs,S,S,Wake Forest,Wake Forest,WF,,,,,,,,,,44,539,70.00,,74,200
2026,2026_0540_haynes_king,Haynes King,QB,QB,Georgia Tech,Georgia Tech,GT,,,,,,,,,,33,540,70.00,,,
2026,2026_0541_keon_wylie,Keon Wylie,S,S,Texas Tech,Texas Tech,TT,,,,,,,,,,45,541,70.00,,74,206
2026,2026_0542_kj_bolden,KJ Bolden,S,S,Georgia,Georgia,GEOR,,,,,,,,,,46,542,70.00,,72,185
2026,2026_0543_pj_williams,P.J. Williams,OT,OT,SMU,SMU,SMU,,,,,,,,,,48,543,70.00,,,
2026,2026_0544_dorion_strawn,Dorion Strawn,OT,OT,Texas State,Texas State,TS,,,,,,,,,,49,544,70.00,,,
2026,2026_0545_derek_simmons,Derek Simmons,OT,OT,Oklahoma,Oklahoma,OKLA,,,,,,,,,,50,545,70.00,,,
2026,2026_0546_aj_harris,AJ Harris,CB,CB,Penn State,Penn State,PS,,,,,,,,,,60,546,70.00,,73,190
2026,2026_0547_ricardo_jones_jr,Ricardo Jones Jr.,CB,CB,Purdue,Purdue,PURD,,,,,,,,,,61,547,70.00,,73,180
2026,2026_0548_jahiem_lawson,Jahiem Lawson,EDGE,EDGE,Clemson,Clemson,CLEM,,,,,,,,,,55,548,70.00,,,
2026,2026_0549_denairius_gray,Denairius Gray,CB,CB,Florida,Florida,FLOR,,,,,,,,,,62,549,70.00,,76,193
2026,2026_0550_wendell_moe_jr,Wendell Moe Jr.,IOL,IOL,Tennessee,Tennessee,TENN,,,,,,,,,,67,550,70.00,,,
2026,2026_0551_samari_matthews,Samari Matthews,CB,CB,Texas A&M,Texas A&M,TA,,,,,,,,,,63,551,70.00,,73,180
2026,2026_0552_ashton_stamps,Ashton Stamps,CB,CB,LSU,LSU,LSU,,,,,,,,,,64,552,70.00,,70,175
2026,2026_0553_tyre_west,Tyre West,EDGE,EDGE,Tennessee,Tennessee,TENN,,,,,,,,,,56,553,70.00,,,
2026,2026_0554_jeremiah_wilson,Jeremiah Wilson,CB,CB,Florida State,Florida State,FS,,,,,,,,,,65,554,70.00,,70,185
2026,2026_0555_miles_scott,Miles Scott,S,S,Illinois,Illinois,ILLI,,,,,,,,,,47,555,70.00,,,
2026,2026_0556_dezz_ricks,Dezz Ricks,CB,CB,Texas A&M,Texas A&M,TA,,,,,,,,,,66,556,70.00,,74,195
2026,2026_0557_rene_konga,Rene Konga,DT,DT,Louisville,Louisville,LOUI,,,,,,,,,,51,557,70.00,,,
2026,2026_0558_tyreak_chappell,Tyreak Chappell,CB,CB,South Carolina,South Carolina,SC,,,,,,,,,,67,558,70.00,,71,190
2026,2026_0559_matthew_hibner,Matthew Hibner,TE,TE,SMU,SMU,SMU,,,,,,,,,,36,559,70.00,,,
2026,2026_0560_dj_rogers,DJ Rogers,TE,TE,TCU,TCU,TCU,,,,,,,,,,37,560,70.00,,,
2026,2026_0561_dominic_bailey,Dominic Bailey,EDGE,EDGE,Tennessee,Tennessee,TENN,,,,,,,,,,57,561,70.00,,,
2026,2026_0562_jakeem_jackson,Ja'Keem Jackson,CB,CB,Florida,Florida,FLOR,,,,,,,,,,68,562,70.00,,74,195
2026,2026_0563_jameson_geers,Jameson Geers,TE,TE,Minnesota,Minnesota,MINN,,,,,,,,,,38,563,70.00,,,
2026,2026_0564_jordan_shaw,Jordan Shaw,CB,CB,Washington,Washington,WASH,,,,,,,,,,69,564,70.00,,72,190
2026,2026_0565_lorenzo_styles_jr,Lorenzo Styles Jr.,CB,CB,Ohio State,Ohio State,OS,,,,,,,,,,70,565,70.00,,71,194
2026,2026_0566_dayon_hayes,Dayon Hayes,EDGE,EDGE,Texas A&M,Texas A&M,TA,,,,,,,,,,58,566,70.00,,,
2026,2026_0567_kani_walker,Kani Walker,CB,CB,Oregon,Oregon,OREG,,,,,,,,,,71,567,70.00,,73,185
2026,2026_0568_jalil_farooq,Jalil Farooq,WR,WR,Maryland,Maryland,MARY,,,,,,,,,,73,568,70.00,,,
2026,2026_0569_toriano_pride_jr,Toriano Pride Jr.,CB,CB,Missouri,Missouri,MISS,,,,,,,,,,72,569,70.00,,72,190
2026,2026_0570_devean_deal,Devean Deal,EDGE,EDGE,TCU,TCU,TCU,,,,,,,,,,59,570,70.00,,,
2026,2026_0571_rocco_spindler,Rocco Spindler,IOL,IOL,Nebraska,Nebraska,NEBR,,,,,,,,,,68,571,70.00,,,
2026,2026_0572_treyveon_mcgee,Treyveon McGee,CB,CB,Georgia,Georgia,GEOR,,,,,,,,,,73,572,70.00,,70,180
2026,2026_0573_marvin_jones_jr,Marvin Jones Jr.,EDGE,EDGE,Oklahoma,Oklahoma,OKLA,,,,,,,,,,60,573,70.00,,,
2026,2026_0574_tyler_collins,Tyler Collins,CB,CB,Mississippi State,Mississippi State,MS,,,,,,,,,,74,574,70.00,,74,195
2026,2026_0575_isaiah_jatta,Isaiah Jatta,OT,OT,BYU,BYU,BYU,,,,,,,,,,51,575,70.00,,,
2026,2026_0576_toriano_pride,Toriano Pride,CB,CB,Missouri,Missouri,MISS,,,,,,,,,,75,576,70.00,,,
2026,2026_0577_dariel_djabome,Dariel Djabome,LB,LB,Rutgers,Rutgers,RUTG,,,,,,,,,,37,577,70.00,,,
2026,2026_0578_jayden_virgin-morgan,Jayden Virgin-Morgan,EDGE,EDGE,Boise State,Boise State,BS,,,,,,,,,,61,578,70.00,,,
2026,2026_0579_thomas_castellanos,Thomas Castellanos,QB,QB,Florida State,Florida State,FS,,,,,,,,,,34,579,70.00,,,
2026,2026_0580_isaiah_paul,Isaiah Paul,LB,LB,Baylor,Baylor,BAYL,,,,,,,,,,38,580,70.00,,74,225
2026,2026_0581_raesjon_davis,Raesjon Davis,LB,LB,USC,USC,USC,,,,,,,,,,39,581,70.00,,74,230
2026,2026_0582_ernest_hausmann,Ernest Hausmann,LB,LB,Michigan,Michigan,MICH,,,,,,,,,,40,582,70.00,,74,238
2026,2026_0583_martavius_french,Martavius French,LB,LB,Tennessee,Tennessee,TENN,,,,,,,,,,41,583,70.00,,74,225
2026,2026_0584_shedrick_shropshire,Shedrick Shropshire,LB,LB,TCU,TCU,TCU,,,,,,,,,,42,584,70.00,,74,224
2026,2026_0585_dasan_mccullough,Dasan McCullough,EDGE,EDGE,Nebraska,Nebraska,NEBR,,,,,,,,,,62,585,70.00,,,
2026,2026_0586_popo_aumavae,Popo Aumavae,LB,LB,Oregon,Oregon,OREG,,,,,,,,,,43,586,70.00,,72,240
2026,2026_0587_joshua_padilla,Joshua Padilla,IOL,IOL,Ohio State,Ohio State,OS,,,,,,,,,,69,587,70.00,,,
2026,2026_0588_brenan_vernon,Brenan Vernon,DT,DT,Notre Dame,Notre Dame,ND,,,,,,,,,,52,588,70.00,,,
2026,2026_0589_tysheem_johnson,Tysheem Johnson,LB,LB,Oregon,Oregon,OREG,,,,,,,,,,44,589,70.00,,73,220
2026,2026_0590_troy_bowles,Troy Bowles,LB,LB,Michigan,Michigan,MICH,,,,,,,,,,45,590,70.00,,,
2026,2026_0591_derion_gullette,Derion Gullette,EDGE,EDGE,Mississippi State,Mississippi State,MS,,,,,,,,,,63,591,70.00,,,
2026,2026_0592_lewis_carter,Lewis Carter,LB,LB,UCF,UCF,UCF,,,,,,,,,,46,592,70.00,,,
2026,2026_0593_raymond_cottrell,Raymond Cottrell,WR,WR,West Alabama,West Alabama,WA,,,,,,,,,,74,593,70.00,,,
2026,2026_0594_jaiden_ausberry,Jaiden Ausberry,LB,LB,Notre Dame,Notre Dame,ND,,,,,,,,,,47,594,70.00,,,
2026,2026_0595_bravion_rogers,Bravion Rogers,CB,CB,Texas A&M,Texas A&M,TA,,,,,,,,,,76,595,70.00,,,
2026,2026_0596_jameial_lyons,Jameial Lyons,EDGE,EDGE,Penn State,Penn State,PS,,,,,,,,,,64,596,70.00,,,
2026,2026_0597_markee_anderson,Markee Anderson,IOL,IOL,South Carolina,South Carolina,SC,,,,,,,,,,70,597,70.00,,,
2026,2026_0598_jason_moore,Jason Moore,DT,DT,Ohio State,Ohio State,OS,,,,,,,,,,53,598,70.00,,,
2026,2026_0599_nathan_leacock,Nathan Leacock,WR,WR,North Carolina,North Carolina,NC,,,,,,,,,,75,599,70.00,,,
2026,2026_0600_jaybron_harvey,Jaybron Harvey,EDGE,EDGE,North Carolina,North Carolina,NC,,,,,,,,,,65,600,70.00,,,
2026,2026_0601_bai_jobe,Bai Jobe,EDGE,EDGE,Miami (OH),Miami (OH),M(,,,,,,,,,,66,601,70.00,,,
2026,2026_0602_braylon_james,Braylon James,WR,WR,TCU,TCU,TCU,,,,,,,,,,76,602,70.00,,,
2026,2026_0603_nic_anderson,Nic Anderson,WR,WR,Oklahoma,Oklahoma,OKLA,,,,,,,,,,77,603,70.00,,76,215
2026,2026_0604_ryan_niblett,Ryan Niblett,WR,WR,Texas,Texas,TEXA,,,,,,,,,,78,604,70.00,,,
2026,2026_0605_shamurad_umarov,Shamurad Umarov,OT,OT,Tennessee,Tennessee,TENN,,,,,,,,,,52,605,70.00,,,
2026,2026_0606_samuel_mpemba,Samuel M'Pemba,EDGE,EDGE,Texas A&M,Texas A&M,TA,,,,,,,,,,67,606,70.00,,,
2026,2026_0607_johntay_cook,Johntay Cook,WR,WR,Texas,Texas,TEXA,,,,,,,,,,79,607,70.00,,72,185
2026,2026_0608_makari_vickers,Makari Vickers,CB,CB,Colorado,Colorado,COLO,,,,,,,,,,77,608,70.00,,,
2026,2026_0609_ayden_williams,Ayden Williams,WR,WR,Mississippi State,Mississippi State,MS,,,,,,,,,,80,609,70.00,,,
2026,2026_0610_isaiah_sategna,Isaiah Sategna,WR,WR,Arkansas,Arkansas,ARKA,,,,,,,,,,81,610,70.00,,71,185
2026,2026_0611_jaylon_braxton,Jaylon Braxton,CB,CB,Mississippi,Mississippi,MISS,,,,,,,,,,78,611,70.00,,,
2026,2026_0612_calvin_simpson-hunt,Calvin Simpson-Hunt,CB,CB,Baylor,Baylor,BAYL,,,,,,,,,,79,612,70.00,,,
2026,2026_0613_amarion_mccoy,A'Marion McCoy,CB,CB,Boise State,Boise State,BS,,,,,,,,,,80,613,70.00,,,
2026,2026_0614_james_durand,James Durand,IOL,IOL,Western Illinois,Western Illinois,WI,,,,,,,,,,71,614,70.00,,,
2026,2026_0615_calvin_clements,Calvin Clements,OT,OT,Kansas,Kansas,KANS,,,,,,,,,,53,615,70.00,,,
2026,2026_0616_grayson_loftis,Grayson Loftis,QB,QB,Charlotte,Charlotte,CHAR,,,,,,,,,,35,616,70.00,,,
2026,2026_0617_sedrick_alexander,Sedrick Alexander,RB,RB,Vanderbilt,Vanderbilt,VAND,,,,,,,,,,45,617,70.00,,,
2026,2026_0618_davin_stoffel,Davin Stoffel,TE,TE,Illinois,Illinois,ILLI,,,,,,,,,,39,618,70.00,,,
2026,2026_0619_travis_shaw,Travis Shaw,DT,DT,Texas,Texas,TEXA,,,,,,,,,,54,619,70.00,,,
2026,2026_0620_denver_harris,Denver Harris,CB,CB,UNLV,UNLV,UNLV,,,,,,,,,,81,620,70.00,,,
2026,2026_0621_maalik_murphy,Maalik Murphy,QB,QB,Oregon State,Oregon State,OS,,,,,,,,,,36,621,70.00,,,
2026,2026_0622_shawn_murphy,Shawn Murphy,LB,LB,South Carolina,South Carolina,SC,,,,,,,,,,48,622,70.00,,,
2026,2026_0623_kobe_prentice,Kobe Prentice,WR,WR,Baylor,Baylor,BAYL,,,,,,,,,,82,623,70.00,,,
2026,2026_0624_braylin_presley,Braylin Presley,WR,WR,Tulsa,Tulsa,TULS,,,,,,,,,,83,624,70.00,,,
2026,2026_0625_kaleb_brown,Kaleb Brown,WR,WR,UAB,UAB,UAB,,,,,,,,,,84,625,70.00,,,
2026,2026_0626_kyion_grayes,Kyion Grayes,WR,WR,California,California,CALI,,,,,,,,,,85,626,70.00,,,
2026,2026_0627_tobias_merriweather,Tobias Merriweather,WR,WR,Utah,Utah,UTAH,,,,,,,,,,86,627,70.00,,,
2026,2026_0628_trevonte_citizen,TreVonte Citizen,RB,RB,McNeese State,McNeese State,MS,,,,,,,,,,46,628,70.00,,,
2026,2026_0629_jamari_lyons,Jamari Lyons,DT,DT,Florida,Florida,FLOR,,,,,,,,,,55,629,70.00,,,
2026,2026_0630_khurtiss_perry,Khurtiss Perry,DT,DT,Jacksonville State,Jacksonville State,JS,,,,,,,,,,56,630,70.00,,,
2026,2026_0631_holden_staes,Holden Staes,TE,TE,Indiana,Indiana,INDI,,,,,,,,,,40,631,70.00,,76,242
2026,2026_0632_kam_dewberry,Kam Dewberry,IOL,IOL,Alabama,Alabama,ALAB,,,,,,,,,,72,632,70.00,,,
2026,2026_0633_arlis_boardingham,Arlis Boardingham,TE,TE,Florida,Florida,FLOR,,,,,,,,,,41,633,70.00,,77,245
2026,2026_0634_cole_hutson,Cole Hutson,IOL,IOL,Texas,Texas,TEXA,,,,,,,,,,73,634,70.00,,,
2026,2026_0635_malick_sylla,Malick Sylla,EDGE,EDGE,Mississippi State,Mississippi State,MS,,,,,,,,,,68,635,70.00,,,
2026,2026_0636_cj_williams,C.J. Williams,WR,WR,Stanford,Stanford,STAN,,,,,,,,,,87,636,70.00,,,
2026,2026_0637_jacolby_spells,Jacolby Spells,CB,CB,West Virginia,West Virginia,WV,,,,,,,,,,82,637,70.00,,,
2026,2026_0638_oscar_cardenas,Oscar Cardenas,TE,TE,UTSA,UTSA,UTSA,,,,,,,,,,42,638,70.00,,76,240
2026,2026_0639_jaylon_glover,Jaylon Glover,RB,RB,UNLV,UNLV,UNLV,,,,,,,,,,47,639,70.00,,,
2026,2026_0640_collin_sadler,Collin Sadler,OT,OT,Clemson,Clemson,CLEM,,,,,,,,,,54,640,70.00,,,
2026,2026_0641_luke_hasz,Luke Hasz,TE,TE,Arkansas,Arkansas,ARKA,,,,,,,,,,43,641,70.00,,75,245
2026,2026_0642_cam_miller,Cam Miller,CB,CB,Rutgers,Rutgers,RUTG,,,,,,,,,,83,642,70.00,,,
2026,2026_0643_antonio_gates_jr,Antonio Gates Jr.,WR,WR,Delaware State,Delaware State,DS,,,,,,,,,,88,643,70.00,,,
